t,hours,gross,net,exit,pair
2021-11-07 19:00:00+00:00,72,0.010916337759948942,0.009498645668155097,time,AAVEUSDT/AVAXUSDT
2021-11-10 21:00:00+00:00,72,-0.035118594982710964,-0.03653628707450481,time,AAVEUSDT/AVAXUSDT
2021-11-13 22:00:00+00:00,50,-0.023850130807601233,-0.025267822899395078,stop,AAVEUSDT/AVAXUSDT
2025-07-11 00:00:00+00:00,72,-0.0008830433503343202,-0.0027323759284263198,time,AAVEUSDT/BNBUSDT
2025-07-17 00:00:00+00:00,26,-0.014913323084158454,-0.01672881557523533,stop,AAVEUSDT/BNBUSDT
2025-07-18 23:00:00+00:00,3,-0.0039525511742422624,-0.005768043665319137,stop,AAVEUSDT/BNBUSDT
2026-02-03 18:00:00+00:00,31,-0.014636477282587849,-0.016089988612061113,stop,AAVEUSDT/BTCUSDT
2026-02-05 10:00:00+00:00,1,-0.0038064713712923997,-0.005259982700765663,stop,AAVEUSDT/BTCUSDT
2024-05-26 04:00:00+00:00,14,-0.026203147045381278,-0.02818155147514948,stop,AAVEUSDT/CAKEUSDT
2021-12-23 00:00:00+00:00,13,-0.0571920974109755,-0.058850927388918416,stop,AAVEUSDT/CFXUSDT
2021-12-23 14:00:00+00:00,24,-0.03596360340244919,-0.037622433380392103,stop,AAVEUSDT/CFXUSDT
2021-11-17 01:00:00+00:00,72,0.01502776377884281,0.013559214567151834,time,AAVEUSDT/DOGEUSDT
2021-11-29 13:00:00+00:00,12,0.043191560680560175,0.04148514939837182,revert,AAVEUSDT/DOGEUSDT
2021-12-01 09:00:00+00:00,31,0.03014485163431299,0.028486248681390162,revert,AAVEUSDT/DOGEUSDT
2023-07-25 16:00:00+00:00,72,0.03677186780316259,0.03512163958745921,time,AAVEUSDT/DOGEUSDT
2023-09-01 14:00:00+00:00,72,0.0038575433133408027,0.0022169894808082044,time,AAVEUSDT/DOGEUSDT
2026-02-14 04:00:00+00:00,14,0.028009647568346917,0.026367886234728983,revert,AAVEUSDT/DOGEUSDT
2026-02-14 22:00:00+00:00,6,-0.017329698369949208,-0.01906289090286669,stop,AAVEUSDT/DOGEUSDT
2026-02-15 05:00:00+00:00,13,0.032447779438304895,0.030711975441739064,revert,AAVEUSDT/DOGEUSDT
2023-08-17 15:00:00+00:00,5,-0.010487747891255377,-0.011734426710801141,stop,AAVEUSDT/ETHUSDT
2026-02-19 11:00:00+00:00,26,0.02228744763427777,0.020471316403426087,revert,AAVEUSDT/ONDOUSDT
2026-02-25 20:00:00+00:00,38,0.024877419578269156,0.023016595054605442,revert,AAVEUSDT/ONDOUSDT
2026-01-28 11:00:00+00:00,40,0.01025041011978204,0.008551240634918873,revert,AAVEUSDT/SOLUSDT
2026-01-30 23:00:00+00:00,25,0.01793914599298191,0.016269989960286474,revert,AAVEUSDT/SOLUSDT
2025-07-09 05:00:00+00:00,27,0.04928634334164501,0.04752096795365732,revert,AAVEUSDT/SUIUSDT
2025-12-21 22:00:00+00:00,15,-0.01937302117729073,-0.021009867314899,stop,AAVEUSDT/SUIUSDT
2025-05-23 13:00:00+00:00,72,0.015724558005770047,0.013155915407308719,time,AAVEUSDT/TRXUSDT
2026-02-12 10:00:00+00:00,13,0.04047211964664529,0.038806063665905915,revert,AAVEUSDT/VIRTUALUSDT
2026-02-20 13:00:00+00:00,10,-0.0222927745098093,-0.023986322386125223,stop,AAVEUSDT/VIRTUALUSDT
2026-02-21 00:00:00+00:00,61,0.03882775411796291,0.03713376685928267,revert,AAVEUSDT/VIRTUALUSDT
2026-02-25 01:00:00+00:00,7,-0.03879574722260436,-0.04049643184177462,stop,AAVEUSDT/VIRTUALUSDT
2026-02-25 15:00:00+00:00,3,-0.005648929247150766,-0.007349613866321032,stop,AAVEUSDT/VIRTUALUSDT
2026-02-25 19:00:00+00:00,2,-0.011644344653503915,-0.013345029272674181,stop,AAVEUSDT/VIRTUALUSDT
2026-03-27 11:00:00+00:00,72,-0.0251768131317724,-0.026743553245024747,time,AAVEUSDT/VIRTUALUSDT
2026-03-30 12:00:00+00:00,72,-0.014279897851146434,-0.01584663796439878,time,AAVEUSDT/VIRTUALUSDT
2026-04-02 13:00:00+00:00,72,-0.00774220284904007,-0.009308942962292416,stop,AAVEUSDT/VIRTUALUSDT
2026-04-05 15:00:00+00:00,1,-0.002130329668666301,-0.0036970697819186465,stop,AAVEUSDT/VIRTUALUSDT
2026-04-05 19:00:00+00:00,30,-0.0010607482727200352,-0.0026274883859723807,stop,AAVEUSDT/VIRTUALUSDT
2026-04-07 02:00:00+00:00,1,-0.001805205760929689,-0.0033719458741820344,stop,AAVEUSDT/VIRTUALUSDT
2026-04-07 04:00:00+00:00,1,-0.00545467481885596,-0.007021414932108306,stop,AAVEUSDT/VIRTUALUSDT
2021-12-04 06:00:00+00:00,13,0.05142604403066328,0.04972907693494714,revert,AAVEUSDT/XRPUSDT
2024-06-04 20:00:00+00:00,17,0.02877505168992269,0.026889914682362983,revert,AAVEUSDT/ZECUSDT
2023-02-13 17:00:00+00:00,22,0.06892025745320567,0.06735535353715096,revert,ADAUSDT/APTUSDT
2023-05-28 15:00:00+00:00,72,0.00291743120939106,0.0007830037979607938,time,ADAUSDT/APTUSDT
2023-06-05 16:00:00+00:00,39,-0.02110748572279554,-0.022796704297800254,stop,ADAUSDT/APTUSDT
2023-09-19 09:00:00+00:00,41,0.010986789294581011,0.008915626061429479,revert,ADAUSDT/APTUSDT
2023-09-24 13:00:00+00:00,11,-0.015962707086538776,-0.01772096888415301,stop,ADAUSDT/APTUSDT
2023-09-25 01:00:00+00:00,7,-0.005721841088681088,-0.007480102886295324,stop,ADAUSDT/APTUSDT
2023-09-25 14:00:00+00:00,2,-0.0029762518354547935,-0.0047345136330690304,stop,ADAUSDT/APTUSDT
2023-09-25 18:00:00+00:00,1,-0.0038505455707911846,-0.005608807368405421,stop,ADAUSDT/APTUSDT
2023-09-25 23:00:00+00:00,72,0.02268000569238552,0.020921743894771284,time,ADAUSDT/APTUSDT
2023-09-12 09:00:00+00:00,45,0.01219413787597664,0.010081767984487533,revert,ADAUSDT/ARBUSDT
2023-09-22 08:00:00+00:00,72,0.007047048213621147,0.005372335593086272,time,ADAUSDT/ARBUSDT
2023-11-02 18:00:00+00:00,26,0.038116338398935315,0.036191694841299006,revert,ADAUSDT/ARBUSDT
2023-11-06 19:00:00+00:00,72,0.004465079305428284,0.002560235974491337,time,ADAUSDT/ARBUSDT
2023-11-11 22:00:00+00:00,34,0.026390313585156408,0.024501531318936065,revert,ADAUSDT/ARBUSDT
2023-11-16 08:00:00+00:00,72,-0.022100843660859515,-0.0239820226394148,time,ADAUSDT/ARBUSDT
2023-11-19 09:00:00+00:00,13,-0.00806890489422775,-0.009946734528828253,stop,ADAUSDT/ARBUSDT
2023-11-19 23:00:00+00:00,11,-0.0038759845040586584,-0.005753814138659162,stop,ADAUSDT/ARBUSDT
2023-11-20 15:00:00+00:00,1,-0.00480291686939969,-0.006680746504000194,stop,ADAUSDT/ARBUSDT
2023-11-20 17:00:00+00:00,4,-0.008746694457058056,-0.010624524091658559,stop,ADAUSDT/ARBUSDT
2024-10-30 01:00:00+00:00,12,0.018106529850816514,0.016061048997333172,revert,ADAUSDT/ARBUSDT
2024-10-31 12:00:00+00:00,3,0.02382655230434524,0.02176427691803272,revert,ADAUSDT/ARBUSDT
2024-11-01 14:00:00+00:00,72,0.022868105186265704,0.020789375693814227,revert,ADAUSDT/ARBUSDT
2024-11-06 03:00:00+00:00,37,-0.0328400892260493,-0.03496812930944738,stop,ADAUSDT/ARBUSDT
2024-11-07 17:00:00+00:00,1,-0.00604578383102449,-0.00817382391442257,stop,ADAUSDT/ARBUSDT
2025-10-29 13:00:00+00:00,27,0.014474917136893264,0.012618906173024207,revert,ADAUSDT/ARBUSDT
2025-11-01 11:00:00+00:00,62,0.007390639819697106,0.005530619677188025,revert,ADAUSDT/ARBUSDT
2025-11-04 20:00:00+00:00,72,-0.024178895201622613,-0.026042912604300448,time,ADAUSDT/ARBUSDT
2025-11-07 21:00:00+00:00,72,0.0046417389023846525,0.0027630686786396393,time,ADAUSDT/ARBUSDT
2025-11-10 22:00:00+00:00,37,0.030122130511637677,0.028243460287892663,revert,ADAUSDT/ARBUSDT
2023-12-05 18:00:00+00:00,51,-0.06560637120126214,-0.06788751127385761,stop,ADAUSDT/AVAXUSDT
2023-12-07 22:00:00+00:00,1,-0.0018792654165461686,-0.004160405489141646,stop,ADAUSDT/AVAXUSDT
2024-01-07 22:00:00+00:00,72,0.07422287689103524,0.07261380507738832,time,ADAUSDT/AVAXUSDT
2024-09-02 07:00:00+00:00,72,-0.007072985357801333,-0.00875652451324986,time,ADAUSDT/AVAXUSDT
2024-09-05 08:00:00+00:00,72,0.001964730423999781,0.0002815105948890083,time,ADAUSDT/AVAXUSDT
2024-09-08 15:00:00+00:00,72,-0.0034294273837651573,-0.00511264721287593,time,ADAUSDT/AVAXUSDT
2024-11-01 14:00:00+00:00,47,0.028767099544818018,0.02668223527962771,revert,ADAUSDT/AVAXUSDT
2025-06-08 18:00:00+00:00,32,0.015395871050644527,0.013640967557407799,revert,ADAUSDT/AVAXUSDT
2023-11-16 20:00:00+00:00,72,0.001374516883030582,-7.309968186277379e-05,time,ADAUSDT/BNBUSDT
2023-11-21 01:00:00+00:00,21,0.08820440460162811,0.08633571041125637,stop,ADAUSDT/BNBUSDT
2023-11-23 00:00:00+00:00,72,-0.020318665757450092,-0.02178351710339055,time,ADAUSDT/BNBUSDT
2023-11-26 01:00:00+00:00,34,-0.013339380150635578,-0.014804231496576035,stop,ADAUSDT/BNBUSDT
2023-11-27 13:00:00+00:00,1,-0.0031823747361187887,-0.004647226082059246,stop,ADAUSDT/BNBUSDT
2023-11-27 16:00:00+00:00,1,-0.001390512378665697,-0.0028553637246061542,stop,ADAUSDT/BNBUSDT
2023-11-27 21:00:00+00:00,43,-0.004846409077505684,-0.006311260423446141,stop,ADAUSDT/BNBUSDT
2023-11-29 23:00:00+00:00,1,-0.00020473506024534327,-0.0016695864061858005,stop,ADAUSDT/BNBUSDT
2023-11-30 01:00:00+00:00,54,-0.001164137681193748,-0.0026289890271342055,stop,ADAUSDT/BNBUSDT
2024-01-07 15:00:00+00:00,72,-0.013867288340979687,-0.015346646074099546,time,ADAUSDT/BNBUSDT
2024-01-10 16:00:00+00:00,11,0.15384560569955327,0.15236624796643342,revert,ADAUSDT/BNBUSDT
2026-04-02 13:00:00+00:00,72,0.0073501699317523265,0.005724477189465727,time,ADAUSDT/BNBUSDT
2026-05-05 21:00:00+00:00,72,-0.025168679807002985,-0.027219324043865543,time,ADAUSDT/BNBUSDT
2026-05-08 22:00:00+00:00,41,-0.014607453947984532,-0.016658098184847092,stop,ADAUSDT/BNBUSDT
2026-05-10 20:00:00+00:00,1,-0.0037657807936766394,-0.005816425030539199,stop,ADAUSDT/BNBUSDT
2022-08-14 00:00:00+00:00,72,0.005303712467545891,0.0036461167919190278,time,ADAUSDT/BTCUSDT
2022-08-17 03:00:00+00:00,44,0.03205622851970327,0.030408187398417753,revert,ADAUSDT/BTCUSDT
2022-08-27 11:00:00+00:00,72,-0.004533472088901492,-0.006134193547113751,time,ADAUSDT/BTCUSDT
2022-08-30 12:00:00+00:00,72,-0.00613873259153903,-0.007739454049751288,time,ADAUSDT/BTCUSDT
2022-09-02 13:00:00+00:00,4,-0.008278932680006363,-0.009879654138218622,stop,ADAUSDT/BTCUSDT
2022-09-02 18:00:00+00:00,7,-0.00487886178127565,-0.006479583239487908,stop,ADAUSDT/BTCUSDT
2022-09-03 02:00:00+00:00,1,-0.0014258306576518803,-0.0030265521158641387,stop,ADAUSDT/BTCUSDT
2023-02-24 21:00:00+00:00,72,-0.004611794724015551,-0.006312798797341402,time,ADAUSDT/BTCUSDT
2023-02-27 22:00:00+00:00,72,-0.020796715062063893,-0.022497719135389744,time,ADAUSDT/BTCUSDT
2023-03-02 23:00:00+00:00,2,-0.010849292184403041,-0.012550296257728893,stop,ADAUSDT/BTCUSDT
2023-03-03 04:00:00+00:00,69,-0.0036188568490077015,-0.0053198609223335525,stop,ADAUSDT/BTCUSDT
2023-03-06 02:00:00+00:00,3,-0.0018369945155175273,-0.003537998588843378,stop,ADAUSDT/BTCUSDT
2023-12-03 14:00:00+00:00,58,-0.029877118699753936,-0.03165799223188805,revert,ADAUSDT/BTCUSDT
2023-12-06 15:00:00+00:00,39,-0.039569560230121,-0.041378068840347754,stop,ADAUSDT/BTCUSDT
2023-12-08 07:00:00+00:00,1,-0.009022916636311492,-0.010803259316406735,stop,ADAUSDT/BTCUSDT
2024-01-07 15:00:00+00:00,72,-0.01976083161401252,-0.021312058146630068,time,ADAUSDT/BTCUSDT
2024-01-10 16:00:00+00:00,18,0.1484768338345408,0.14692560730192325,revert,ADAUSDT/BTCUSDT
2025-09-15 18:00:00+00:00,53,0.015000221133561734,0.013192075930714153,revert,ADAUSDT/BTCUSDT
2026-04-06 23:00:00+00:00,72,-0.011906058683943767,-0.013681184557102133,time,ADAUSDT/BTCUSDT
2022-07-23 23:00:00+00:00,27,0.02694293432467631,0.024809089929526636,revert,ADAUSDT/CAKEUSDT
2022-09-18 21:00:00+00:00,72,-0.017569431721555034,-0.0195808063972628,time,ADAUSDT/CAKEUSDT
2022-09-21 22:00:00+00:00,72,-0.008276016176714297,-0.010287390852422064,time,ADAUSDT/CAKEUSDT
2022-09-24 23:00:00+00:00,22,-0.016087310690575278,-0.018098685366283045,stop,ADAUSDT/CAKEUSDT
2023-02-07 00:00:00+00:00,72,0.00249057768033447,0.00036889607302319606,time,ADAUSDT/CAKEUSDT
2023-02-10 01:00:00+00:00,72,0.005751138522857371,0.0036294569155460974,time,ADAUSDT/CAKEUSDT
2023-02-13 05:00:00+00:00,29,0.03461351447086349,0.03249183286355222,revert,ADAUSDT/CAKEUSDT
2023-03-16 06:00:00+00:00,56,0.021992480454606958,0.019722241967790523,revert,ADAUSDT/CAKEUSDT
2023-03-21 20:00:00+00:00,9,-0.013641345244114832,-0.015701816307288487,stop,ADAUSDT/CAKEUSDT
2023-03-22 06:00:00+00:00,5,-0.004857913997668304,-0.006918385060841961,stop,ADAUSDT/CAKEUSDT
2023-03-22 17:00:00+00:00,14,-0.0032760932906299783,-0.005336564353803635,stop,ADAUSDT/CAKEUSDT
2025-11-04 18:00:00+00:00,72,-0.013179445592228028,-0.014991765008812816,time,ADAUSDT/CRVUSDT
2025-11-07 19:00:00+00:00,72,0.008812868371088163,0.006991833725144808,time,ADAUSDT/CRVUSDT
2025-11-10 21:00:00+00:00,69,-0.015754955134434312,-0.017575989780377665,stop,ADAUSDT/CRVUSDT
2025-11-13 21:00:00+00:00,21,-0.00787538729070502,-0.009696421936648375,stop,ADAUSDT/CRVUSDT
2025-11-14 21:00:00+00:00,1,-0.0021326421280138397,-0.003953676773957195,stop,ADAUSDT/CRVUSDT
2023-01-31 05:00:00+00:00,45,0.023803641503608183,0.021893356352316228,revert,ADAUSDT/DOGEUSDT
2023-02-09 21:00:00+00:00,72,0.005984638261819387,0.004212158417341234,time,ADAUSDT/DOGEUSDT
2023-03-09 20:00:00+00:00,72,0.01084121576192629,0.009034121997324545,time,ADAUSDT/DOGEUSDT
2023-03-12 23:00:00+00:00,72,0.0019472277854319106,0.00014776163604972043,time,ADAUSDT/DOGEUSDT
2023-05-28 11:00:00+00:00,72,-0.003684426878049741,-0.0055762108572602435,time,ADAUSDT/DOGEUSDT
2023-05-31 12:00:00+00:00,16,0.01436439827184305,0.012442867593590073,revert,ADAUSDT/DOGEUSDT
2025-06-14 16:00:00+00:00,36,0.018722992868265665,0.016982468667198186,revert,ADAUSDT/DOGEUSDT
2025-08-12 19:00:00+00:00,29,-0.05049034024104278,-0.052450244188928616,stop,ADAUSDT/DOGEUSDT
2026-09-18 02:00:00+00:00,72,-0.008720199469934024,-0.010550509143844075,time,ADAUSDT/DOGEUSDT
2026-09-21 03:00:00+00:00,15,0.037838056830961454,0.036018914609258504,revert,ADAUSDT/DOGEUSDT
2023-04-20 19:00:00+00:00,72,-0.01571825286815952,-0.017493584481244676,time,ADAUSDT/DOTUSDT
2023-04-23 20:00:00+00:00,71,-0.012309993393222245,-0.014092481407504555,stop,ADAUSDT/DOTUSDT
2023-05-31 14:00:00+00:00,19,0.012153445109482783,0.01018230434097113,revert,ADAUSDT/DOTUSDT
2023-06-02 02:00:00+00:00,72,-0.0002155680301230595,-0.0021947133399908133,time,ADAUSDT/DOTUSDT
2023-06-05 03:00:00+00:00,14,0.01770688195776707,0.015727736647899317,revert,ADAUSDT/DOTUSDT
2023-09-12 13:00:00+00:00,70,0.007742200681746025,0.005758211680066272,revert,ADAUSDT/DOTUSDT
2023-09-19 15:00:00+00:00,28,0.011304108345163032,0.009264706332072548,revert,ADAUSDT/DOTUSDT
2023-09-29 14:00:00+00:00,5,0.014052981423045455,0.01202002992698658,revert,ADAUSDT/DOTUSDT
2023-09-30 17:00:00+00:00,40,-0.017012351408607986,-0.01903271503398396,stop,ADAUSDT/DOTUSDT
2023-10-02 18:00:00+00:00,8,-0.0016604729477214001,-0.0036782620468857993,stop,ADAUSDT/DOTUSDT
2023-10-03 05:00:00+00:00,1,-0.0026855557291601776,-0.004703344828324577,stop,ADAUSDT/DOTUSDT
2023-10-03 10:00:00+00:00,2,-0.0023310643283267975,-0.004348853427491197,stop,ADAUSDT/DOTUSDT
2023-10-03 21:00:00+00:00,1,-0.002042442974707916,-0.004060232073872315,stop,ADAUSDT/DOTUSDT
2025-07-12 01:00:00+00:00,72,-0.0037714221910853806,-0.005858289953886423,time,ADAUSDT/ENAUSDT
2025-07-18 00:00:00+00:00,8,0.03279608388293974,0.03074167746146162,revert,ADAUSDT/ENAUSDT
2025-07-19 21:00:00+00:00,8,-0.034607908488641294,-0.03659345951466815,stop,ADAUSDT/ENAUSDT
2025-07-20 06:00:00+00:00,3,-0.017462732998479457,-0.019444409995618812,stop,ADAUSDT/ENAUSDT
2025-07-20 14:00:00+00:00,1,-0.03544023949398431,-0.03742191649112366,stop,ADAUSDT/ENAUSDT
2022-08-14 02:00:00+00:00,28,0.028275583029492447,0.026308867562090842,revert,ADAUSDT/ETHUSDT
2022-08-18 23:00:00+00:00,7,-0.03416320991403702,-0.0358089235548909,stop,ADAUSDT/ETHUSDT
2022-08-19 16:00:00+00:00,1,-0.002825042824503231,-0.0044692959454788565,stop,ADAUSDT/ETHUSDT
2022-11-14 18:00:00+00:00,32,0.02429433177568918,0.022620896241627532,revert,ADAUSDT/ETHUSDT
2023-02-24 16:00:00+00:00,64,-0.01926891789118009,-0.02099809554835153,stop,ADAUSDT/ETHUSDT
2023-02-27 11:00:00+00:00,1,-0.0022485546599153384,-0.003977732317086775,stop,ADAUSDT/ETHUSDT
2023-02-27 14:00:00+00:00,25,-0.0012967583812122678,-0.0030259360383837037,stop,ADAUSDT/ETHUSDT
2023-05-05 12:00:00+00:00,72,-0.007418798900360728,-0.009159109621901378,time,ADAUSDT/ETHUSDT
2023-05-08 13:00:00+00:00,45,-0.013924214015799245,-0.015664524737339897,stop,ADAUSDT/ETHUSDT
2023-05-10 12:00:00+00:00,45,0.02730040506625421,0.02556009434471356,revert,ADAUSDT/ETHUSDT
2023-05-12 19:00:00+00:00,72,0.0009716206444666774,-0.0007686900770739729,time,ADAUSDT/ETHUSDT
2023-06-05 16:00:00+00:00,21,-0.015376591007329592,-0.017057868035874595,stop,ADAUSDT/ETHUSDT
2023-06-06 14:00:00+00:00,6,-0.00491298143166362,-0.006594258460208623,stop,ADAUSDT/ETHUSDT
2023-06-06 22:00:00+00:00,1,-0.001272575862438756,-0.002953852890983759,stop,ADAUSDT/ETHUSDT
2023-09-28 14:00:00+00:00,69,0.010189385558356679,0.008439943230025485,revert,ADAUSDT/ETHUSDT
2023-12-06 11:00:00+00:00,13,-0.022660955076370084,-0.024482749772475613,stop,ADAUSDT/ETHUSDT
2023-12-07 01:00:00+00:00,29,-0.016973498621061844,-0.018795293317167373,stop,ADAUSDT/ETHUSDT
2024-01-07 21:00:00+00:00,72,0.007879591796005773,0.006219573680447605,time,ADAUSDT/ETHUSDT
2025-11-04 18:00:00+00:00,72,-0.014612591962622795,-0.016144376412116957,time,ADAUSDT/ETHUSDT
2025-11-07 22:00:00+00:00,40,0.019016524337175447,0.017430118362443854,revert,ADAUSDT/ETHUSDT
2023-06-06 13:00:00+00:00,20,-0.017014146646085998,-0.018613946669902834,stop,ADAUSDT/FILUSDT
2024-01-07 16:00:00+00:00,72,-0.01780573561487617,-0.01928449954028605,time,ADAUSDT/FILUSDT
2024-01-10 17:00:00+00:00,10,0.12421195513471445,0.12273319120930457,revert,ADAUSDT/FILUSDT
2024-09-12 12:00:00+00:00,72,0.014886231403815106,0.013060549190934391,time,ADAUSDT/FILUSDT
2024-09-24 13:00:00+00:00,72,-0.004244175956532807,-0.006082100177617381,time,ADAUSDT/FILUSDT
2024-09-27 14:00:00+00:00,72,0.0030719321802467406,0.001234007959162167,time,ADAUSDT/FILUSDT
2024-09-30 15:00:00+00:00,50,0.016459116378621207,0.014621192157536633,revert,ADAUSDT/FILUSDT
2024-07-02 11:00:00+00:00,57,0.03485160769585375,0.0326517620916959,revert,ADAUSDT/FLOKIUSDT
2023-05-28 05:00:00+00:00,72,-0.014985331057039019,-0.01710480278200459,time,ADAUSDT/ICPUSDT
2023-05-31 06:00:00+00:00,13,-0.006838085640958554,-0.008957557365924124,stop,ADAUSDT/ICPUSDT
2023-05-31 22:00:00+00:00,72,0.006800850800604167,0.004681379075638597,time,ADAUSDT/ICPUSDT
2023-06-03 23:00:00+00:00,15,-0.009330373953055736,-0.011449845678021306,stop,ADAUSDT/ICPUSDT
2023-06-04 15:00:00+00:00,2,-0.0014294973936473997,-0.003548969118612969,stop,ADAUSDT/ICPUSDT
2023-06-04 19:00:00+00:00,67,0.056516676473780426,0.054397204748814855,stop,ADAUSDT/ICPUSDT
2024-01-07 15:00:00+00:00,72,-0.016967844212816354,-0.018430658737759564,time,ADAUSDT/ICPUSDT
2024-01-10 16:00:00+00:00,11,0.16060109567392547,0.15913828114898226,revert,ADAUSDT/ICPUSDT
2023-01-27 18:00:00+00:00,61,0.025846459669095954,0.023943505466998846,revert,ADAUSDT/LINKUSDT
2023-02-09 08:00:00+00:00,64,0.03264998741684043,0.03079392067163748,revert,ADAUSDT/LINKUSDT
2023-03-20 10:00:00+00:00,32,0.03121094977836342,0.029404984011432954,revert,ADAUSDT/LINKUSDT
2023-03-28 13:00:00+00:00,72,-0.010410829549726476,-0.01225287332144264,time,ADAUSDT/LINKUSDT
2023-03-31 14:00:00+00:00,3,-0.008520562936035894,-0.010362606707752058,stop,ADAUSDT/LINKUSDT
2023-03-31 18:00:00+00:00,61,-0.010789125761093504,-0.012631169532809669,stop,ADAUSDT/LINKUSDT
2023-04-03 14:00:00+00:00,21,-0.0040121408591937,-0.005854184630909865,stop,ADAUSDT/LINKUSDT
2023-04-04 12:00:00+00:00,72,0.009993759744359851,0.008151715972643685,time,ADAUSDT/LINKUSDT
2023-04-07 13:00:00+00:00,32,-0.01195323442956474,-0.013795278201280906,stop,ADAUSDT/LINKUSDT
2023-12-05 18:00:00+00:00,19,-0.04576902508062802,-0.0477941798723991,stop,ADAUSDT/LINKUSDT
2022-12-22 05:00:00+00:00,72,0.017063593909003683,0.015244987931408788,time,ADAUSDT/LTCUSDT
2022-12-25 22:00:00+00:00,72,0.0020109952659023746,0.00014873200358342278,time,ADAUSDT/LTCUSDT
2022-12-28 23:00:00+00:00,62,-0.035681861038164515,-0.03754412430048347,stop,ADAUSDT/LTCUSDT
2023-01-31 02:00:00+00:00,72,0.001750469472519875,-0.00021358173676061824,time,ADAUSDT/LTCUSDT
2023-06-05 17:00:00+00:00,40,-0.037524610248674845,-0.03907014453215245,stop,ADAUSDT/LTCUSDT
2025-06-18 13:00:00+00:00,72,-0.00514740900881441,-0.007055879194768484,time,ADAUSDT/LTCUSDT
2025-06-21 14:00:00+00:00,52,-0.017899216261755474,-0.019819482975287454,stop,ADAUSDT/LTCUSDT
2025-06-23 21:00:00+00:00,43,-0.004912602212376108,-0.006832868925908089,stop,ADAUSDT/LTCUSDT
2026-04-11 17:00:00+00:00,42,0.010289445383808559,0.008318254646179385,revert,ADAUSDT/LTCUSDT
2026-04-14 08:00:00+00:00,72,0.0005610337934016697,-0.0014137332788028804,time,ADAUSDT/LTCUSDT
2026-04-17 10:00:00+00:00,72,-0.000253624838987063,-0.002228391911191613,time,ADAUSDT/LTCUSDT
2026-04-20 11:00:00+00:00,72,-0.005386185055829581,-0.0073609521280341315,time,ADAUSDT/LTCUSDT
2026-04-23 12:00:00+00:00,31,-0.0077701166378335235,-0.009744883710038073,stop,ADAUSDT/LTCUSDT
2026-04-24 20:00:00+00:00,2,-0.00030459832279308447,-0.0022793653949976346,stop,ADAUSDT/LTCUSDT
2026-05-17 23:00:00+00:00,72,-0.003113101544425652,-0.004790369409281034,time,ADAUSDT/LTCUSDT
2022-07-29 10:00:00+00:00,72,0.02576828762216851,0.02354540704648681,time,ADAUSDT/NEARUSDT
2023-12-06 10:00:00+00:00,40,-0.05418508836709279,-0.056481928415243965,stop,ADAUSDT/NEARUSDT
2024-01-07 15:00:00+00:00,72,-0.013692123891481582,-0.015204546991372636,time,ADAUSDT/NEARUSDT
2024-01-10 16:00:00+00:00,16,0.15257913030045905,0.151066707200568,revert,ADAUSDT/NEARUSDT
2024-10-22 17:00:00+00:00,38,0.024919530332469846,0.022787719495325168,revert,ADAUSDT/NEARUSDT
2025-06-18 16:00:00+00:00,72,0.001877281943819819,-0.00012123658852394815,time,ADAUSDT/NEARUSDT
2026-05-05 21:00:00+00:00,72,-0.04574706544874125,-0.048178072699784975,time,ADAUSDT/PENGUUSDT
2026-05-08 22:00:00+00:00,3,-0.008963174106857728,-0.011394181357901455,stop,ADAUSDT/PENGUUSDT
2026-05-09 03:00:00+00:00,36,-0.018670823274886388,-0.021101830525930114,stop,ADAUSDT/PENGUUSDT
2023-12-06 00:00:00+00:00,15,-0.055705679672085305,-0.058037980064371615,stop,ADAUSDT/SEIUSDT
2023-12-06 16:00:00+00:00,8,-0.020693649997401014,-0.02302595038968732,stop,ADAUSDT/SEIUSDT
2023-12-07 01:00:00+00:00,3,-0.012278930853667665,-0.014611231245953973,stop,ADAUSDT/SEIUSDT
2023-12-07 06:00:00+00:00,10,-0.01263472921750258,-0.014967029609788888,stop,ADAUSDT/SEIUSDT
2025-09-25 04:00:00+00:00,72,-0.0014810494584389725,-0.0031764968961915437,time,ADAUSDT/SEIUSDT
2023-03-20 07:00:00+00:00,35,0.03793796127919673,0.03617049393009217,revert,ADAUSDT/SOLUSDT
2023-06-05 17:00:00+00:00,38,-0.0201836333514937,-0.021845830994897435,stop,ADAUSDT/SOLUSDT
2023-06-07 08:00:00+00:00,1,-0.005214736510155805,-0.0068769341535595396,stop,ADAUSDT/SOLUSDT
2023-12-05 17:00:00+00:00,20,-0.05981416267641052,-0.062017485681895114,stop,ADAUSDT/SOLUSDT
2023-12-06 14:00:00+00:00,1,-0.020792386226296696,-0.022995709231781288,stop,ADAUSDT/SOLUSDT
2024-01-07 15:00:00+00:00,72,-0.01595350393115341,-0.01745795340149055,time,ADAUSDT/SOLUSDT
2024-01-10 16:00:00+00:00,16,0.15043048374321027,0.14892603427287313,revert,ADAUSDT/SOLUSDT
2025-06-15 14:00:00+00:00,72,-0.008724889758971358,-0.01055026823070129,time,ADAUSDT/SOLUSDT
2025-06-18 15:00:00+00:00,43,-0.003707105940350572,-0.005532484412080504,stop,ADAUSDT/SOLUSDT
2025-06-20 12:00:00+00:00,2,-0.00427209247303556,-0.006097470944765492,stop,ADAUSDT/SOLUSDT
2025-06-20 15:00:00+00:00,1,-0.0030302746564465494,-0.004855653128176481,stop,ADAUSDT/SOLUSDT
2025-06-20 17:00:00+00:00,34,-0.012587654383621158,-0.01441303285535109,stop,ADAUSDT/SOLUSDT
2025-06-22 04:00:00+00:00,29,-0.0011475768873643903,-0.0029729553590943218,stop,ADAUSDT/SOLUSDT
2025-06-23 14:00:00+00:00,2,-0.0033683473274502464,-0.005193725799180178,stop,ADAUSDT/SOLUSDT
2023-09-29 21:00:00+00:00,11,0.015580749743257957,0.013940456382112694,revert,ADAUSDT/SUIUSDT
2023-10-01 11:00:00+00:00,72,-0.0028531886440694015,-0.004987862932367086,time,ADAUSDT/SUIUSDT
2023-10-04 12:00:00+00:00,23,-0.01669562434117301,-0.018808392637484423,stop,ADAUSDT/SUIUSDT
2023-10-05 12:00:00+00:00,1,-0.006628030399310399,-0.008740798695621813,stop,ADAUSDT/SUIUSDT
2023-10-05 15:00:00+00:00,1,-0.0022365751335607855,-0.0043493434298722,stop,ADAUSDT/SUIUSDT
2024-11-20 09:00:00+00:00,50,-0.07195133506440102,-0.07373967068529098,stop,ADAUSDT/SUIUSDT
2025-09-14 21:00:00+00:00,72,0.0004151964033766108,-0.0013909052663330832,time,ADAUSDT/SUIUSDT
2025-09-18 09:00:00+00:00,30,0.015460613644097454,0.013673909488175578,revert,ADAUSDT/SUIUSDT
2026-05-10 15:00:00+00:00,69,0.032261440019971235,0.029893465727028966,revert,ADAUSDT/TONUSDT
2025-10-10 21:00:00+00:00,7,0.02355450038290844,0.020409096047801886,revert,ADAUSDT/TRXUSDT
2025-10-14 05:00:00+00:00,5,-0.012427996187778444,-0.015058352765420186,stop,ADAUSDT/TRXUSDT
2025-10-14 11:00:00+00:00,22,0.015437549670324829,0.012807193092683087,revert,ADAUSDT/TRXUSDT
2025-10-20 00:00:00+00:00,72,-0.011221366387523328,-0.0143747637123788,time,ADAUSDT/TRXUSDT
2025-10-23 01:00:00+00:00,15,0.024688958728108782,0.021528901107316933,revert,ADAUSDT/TRXUSDT
2025-10-24 14:00:00+00:00,10,-0.027081589573653968,-0.029711326827919597,stop,ADAUSDT/TRXUSDT
2026-05-05 21:00:00+00:00,56,0.01017447480356061,0.0077121064436322505,revert,ADAUSDT/TRXUSDT
2026-05-08 21:00:00+00:00,72,-0.009790872736243031,-0.012320984715935228,time,ADAUSDT/TRXUSDT
2026-05-16 08:00:00+00:00,72,-0.01240120123108468,-0.015006152183468204,time,ADAUSDT/TRXUSDT
2026-05-19 09:00:00+00:00,45,-0.013523440381370416,-0.01612839133375394,stop,ADAUSDT/TRXUSDT
2026-05-21 07:00:00+00:00,2,-0.003364143408164428,-0.005969094360547952,stop,ADAUSDT/TRXUSDT
2026-05-21 17:00:00+00:00,5,-0.0039575551535025524,-0.006562506105886077,stop,ADAUSDT/TRXUSDT
2023-09-11 09:00:00+00:00,72,0.006210557562518025,0.0045317386719938135,time,ADAUSDT/UNIUSDT
2023-09-27 09:00:00+00:00,72,0.004868428720463907,0.003045932605681462,time,ADAUSDT/UNIUSDT
2023-10-03 12:00:00+00:00,54,-0.014045909266023738,-0.015999024471478572,stop,ADAUSDT/UNIUSDT
2023-10-05 21:00:00+00:00,72,0.014548293449303886,0.012595178243849054,time,ADAUSDT/UNIUSDT
2025-11-05 18:00:00+00:00,65,-0.029998548064808332,-0.0318686135579569,stop,ADAUSDT/UNIUSDT
2025-11-08 12:00:00+00:00,2,-0.0047475382269267195,-0.006619051634106111,stop,ADAUSDT/UNIUSDT
2025-11-08 23:00:00+00:00,1,-0.0028742674068497507,-0.0047457808140291425,stop,ADAUSDT/UNIUSDT
2025-11-09 01:00:00+00:00,1,-0.0010142321645033852,-0.002885745571682777,stop,ADAUSDT/UNIUSDT
2025-11-09 03:00:00+00:00,6,-0.003935734241907135,-0.0058072476490865265,stop,ADAUSDT/UNIUSDT
2025-12-05 00:00:00+00:00,72,-0.0054148275777231025,-0.007354995994904451,time,ADAUSDT/VIRTUALUSDT
2025-12-08 02:00:00+00:00,35,-0.03980970896713471,-0.04175659660852868,stop,ADAUSDT/VIRTUALUSDT
2026-04-06 01:00:00+00:00,28,0.017247797407001813,0.015307383368608238,revert,ADAUSDT/VIRTUALUSDT
2023-12-05 18:00:00+00:00,19,-0.05628227801548933,-0.05851682613569165,stop,ADAUSDT/WLDUSDT
2023-12-06 14:00:00+00:00,1,-0.018413074953384213,-0.020647623073586537,stop,ADAUSDT/WLDUSDT
2023-12-06 16:00:00+00:00,1,-0.0059490358242099165,-0.008183583944412239,stop,ADAUSDT/WLDUSDT
2023-12-06 18:00:00+00:00,1,-0.0006654011592647013,-0.002899949279467023,stop,ADAUSDT/WLDUSDT
2023-12-06 23:00:00+00:00,1,-0.016091771036369912,-0.018326319156572235,stop,ADAUSDT/WLDUSDT
2023-12-07 01:00:00+00:00,3,-0.010934748170978396,-0.013169296291180717,stop,ADAUSDT/WLDUSDT
2023-12-07 08:00:00+00:00,8,-0.023679673761941137,-0.02591422188214346,stop,ADAUSDT/WLDUSDT
2025-11-22 00:00:00+00:00,40,-0.026595651745623155,-0.0291290906239173,stop,ADAUSDT/XLMUSDT
2022-09-03 04:00:00+00:00,72,-0.013787494116536392,-0.015560267792075984,time,ADAUSDT/XRPUSDT
2022-09-06 05:00:00+00:00,72,0.03784230721823594,0.03606953354269635,time,ADAUSDT/XRPUSDT
2023-03-07 12:00:00+00:00,23,-0.026300052860909293,-0.028306734945974944,stop,ADAUSDT/XRPUSDT
2023-05-17 01:00:00+00:00,28,0.015122212787407538,0.01326097924354689,revert,ADAUSDT/XRPUSDT
2023-05-18 10:00:00+00:00,28,-0.015219517662388668,-0.017075878486556104,stop,ADAUSDT/XRPUSDT
2023-05-19 15:00:00+00:00,11,-0.006449815058583972,-0.008306175882751406,stop,ADAUSDT/XRPUSDT
2023-05-20 03:00:00+00:00,4,-0.001252015808005702,-0.0031083766321731363,stop,ADAUSDT/XRPUSDT
2023-05-20 08:00:00+00:00,3,-0.0024947251910983174,-0.004351086015265751,stop,ADAUSDT/XRPUSDT
2023-09-10 04:00:00+00:00,53,0.019568497857917536,0.017816940219287404,revert,ADAUSDT/XRPUSDT
2023-09-20 03:00:00+00:00,47,-0.007651598977319235,-0.009486744720558618,stop,ADAUSDT/XRPUSDT
2023-09-22 03:00:00+00:00,1,-0.0012371435677335635,-0.003072289310972947,stop,ADAUSDT/XRPUSDT
2023-09-22 05:00:00+00:00,7,-0.003101870460441629,-0.004937016203681012,stop,ADAUSDT/XRPUSDT
2025-09-15 15:00:00+00:00,54,0.015570329611291383,0.013649287292972939,revert,ADAUSDT/XRPUSDT
2025-09-24 15:00:00+00:00,72,0.007481913334422545,0.005582544344532334,time,ADAUSDT/XRPUSDT
2025-09-27 17:00:00+00:00,72,-0.006351449749202051,-0.008250818739092263,time,ADAUSDT/XRPUSDT
2025-09-30 18:00:00+00:00,72,0.011209213097545946,0.009309844107655734,time,ADAUSDT/XRPUSDT
2025-10-20 20:00:00+00:00,72,0.012716759138004581,0.010792781156300444,time,ADAUSDT/XRPUSDT
2026-04-12 23:00:00+00:00,72,-0.006692682731199658,-0.0085905610798136,time,ADAUSDT/XRPUSDT
2024-07-02 08:00:00+00:00,56,0.021973498295447105,0.01992184294765141,revert,ADAUSDT/ZECUSDT
2026-05-05 21:00:00+00:00,51,0.008480674876151418,0.006040049990505763,revert,ADAUSDT/ZECUSDT
2026-05-17 21:00:00+00:00,69,-0.04449854497679473,-0.04607678812926145,stop,ADAUSDT/ZECUSDT
2023-08-16 04:00:00+00:00,20,0.02254630821402516,0.02070151607156711,revert,APTUSDT/ARBUSDT
2023-08-18 02:00:00+00:00,15,0.030701696048014683,0.02883075533286155,revert,APTUSDT/ARBUSDT
2023-09-13 11:00:00+00:00,43,0.01968565683796992,0.017774452346841663,revert,APTUSDT/ARBUSDT
2023-09-19 17:00:00+00:00,72,-0.0027521830243111,-0.00447809387201939,time,APTUSDT/ARBUSDT
2023-09-22 19:00:00+00:00,40,0.019158644645796478,0.017430760555202665,revert,APTUSDT/ARBUSDT
2023-06-01 02:00:00+00:00,32,-0.015066672304919478,-0.016435803925474297,stop,APTUSDT/BNBUSDT
2023-06-02 17:00:00+00:00,7,-0.001978070497132811,-0.0033472021176876292,stop,APTUSDT/BNBUSDT
2023-06-03 01:00:00+00:00,6,-0.0010943258866287673,-0.0024634575071835856,stop,APTUSDT/BNBUSDT
2023-06-03 12:00:00+00:00,8,-0.0011304019956431509,-0.0024995336161979693,stop,APTUSDT/BNBUSDT
2023-06-03 23:00:00+00:00,3,-0.0009889317738316116,-0.0023580633943864303,stop,APTUSDT/BNBUSDT
2023-06-04 07:00:00+00:00,3,-0.0031493932526249512,-0.004518524873179769,stop,APTUSDT/BNBUSDT
2025-04-18 00:00:00+00:00,39,0.017622000524902585,0.015797726687765568,revert,APTUSDT/BNBUSDT
2025-04-22 06:00:00+00:00,26,0.01895486379886731,0.01712435499477982,revert,APTUSDT/BNBUSDT
2025-04-24 15:00:00+00:00,72,0.0069635477367760565,0.005535711041268111,time,APTUSDT/BNBUSDT
2025-06-24 14:00:00+00:00,62,-0.011954855071102014,-0.013309810277440237,stop,APTUSDT/BNBUSDT
2025-06-27 05:00:00+00:00,1,-0.0014474217761713697,-0.002807961794686925,stop,APTUSDT/BNBUSDT
2025-06-27 10:00:00+00:00,72,0.017949668619493625,0.01658912860097807,time,APTUSDT/BNBUSDT
2023-08-16 01:00:00+00:00,31,0.010845165011529947,0.009001346913783582,revert,APTUSDT/BTCUSDT
2023-08-17 20:00:00+00:00,1,-0.016191169360095188,-0.017488374186657687,stop,APTUSDT/BTCUSDT
2023-08-17 22:00:00+00:00,6,-0.008000059566003196,-0.009297264392565695,stop,APTUSDT/BTCUSDT
2023-02-03 16:00:00+00:00,24,-0.05124668695643996,-0.05386554723796367,stop,APTUSDT/CAKEUSDT
2023-01-24 23:00:00+00:00,72,-0.037898419316691766,-0.03927221653887763,time,APTUSDT/DOGEUSDT
2023-05-22 10:00:00+00:00,26,0.012845048991206531,0.010937566741151719,revert,APTUSDT/DOGEUSDT
2023-05-31 02:00:00+00:00,57,-0.017645883353829078,-0.019234861161844752,stop,APTUSDT/DOGEUSDT
2023-06-02 12:00:00+00:00,1,-0.0008090209444434758,-0.0024213715213088154,stop,APTUSDT/DOGEUSDT
2023-06-02 14:00:00+00:00,48,-0.0035323594874012553,-0.005144710064266595,stop,APTUSDT/DOGEUSDT
2023-06-04 20:00:00+00:00,20,-0.018005946550625533,-0.019618297127490872,stop,APTUSDT/DOGEUSDT
2023-07-01 01:00:00+00:00,72,0.026358989503251027,0.02445557670407801,time,APTUSDT/DOGEUSDT
2023-07-04 16:00:00+00:00,13,0.020280522377476563,0.018377109578303547,revert,APTUSDT/DOGEUSDT
2023-07-24 07:00:00+00:00,20,-0.03972949359063049,-0.041392753028257276,stop,APTUSDT/DOGEUSDT
2023-08-31 23:00:00+00:00,72,0.0003239450267536652,-0.0014400358368640601,time,APTUSDT/DOGEUSDT
2025-05-06 13:00:00+00:00,72,-0.029942911642309222,-0.03171155589062482,time,APTUSDT/DOGEUSDT
2025-05-09 14:00:00+00:00,5,-0.010822369803650178,-0.012591014051965778,stop,APTUSDT/DOGEUSDT
2025-05-09 21:00:00+00:00,1,-0.001067413477277671,-0.0028360577255932707,stop,APTUSDT/DOGEUSDT
2025-05-09 23:00:00+00:00,4,-0.005046258637725491,-0.006814902886041091,stop,APTUSDT/DOGEUSDT
2025-05-10 04:00:00+00:00,1,-0.01094196524220551,-0.012710609490521111,stop,APTUSDT/DOGEUSDT
2025-06-21 08:00:00+00:00,11,0.02772932453860137,0.02584904617924548,revert,APTUSDT/DOGEUSDT
2023-05-06 02:00:00+00:00,72,-0.009183036530242356,-0.011141234468959458,time,APTUSDT/DOTUSDT
2023-05-09 03:00:00+00:00,72,0.0015311462450154772,-0.0004412303472546642,time,APTUSDT/DOTUSDT
2023-05-12 04:00:00+00:00,72,0.015037396395514165,0.013054611844850125,time,APTUSDT/DOTUSDT
2023-06-01 09:00:00+00:00,26,-0.01865770571902397,-0.02035081200392268,stop,APTUSDT/DOTUSDT
2023-06-02 19:00:00+00:00,43,-0.002326656445288261,-0.004019762730186973,stop,APTUSDT/DOTUSDT
2023-06-04 20:00:00+00:00,72,0.01463353338939137,0.012940427104492658,time,APTUSDT/DOTUSDT
2023-09-24 21:00:00+00:00,3,-0.016843027425328252,-0.018705495395753582,stop,APTUSDT/DOTUSDT
2023-09-25 01:00:00+00:00,7,-0.005687268441538807,-0.007549736411964136,stop,APTUSDT/DOTUSDT
2023-09-25 13:00:00+00:00,7,-0.0018361131147838267,-0.003698581085209156,stop,APTUSDT/DOTUSDT
2023-09-25 21:00:00+00:00,72,0.025376375131701163,0.023513907161275834,time,APTUSDT/DOTUSDT
2023-01-21 06:00:00+00:00,22,-0.03421322571959174,-0.0355322027796056,stop,APTUSDT/ETHUSDT
2023-07-18 00:00:00+00:00,32,0.0320095793805515,0.030283358369249787,revert,APTUSDT/ETHUSDT
2023-08-16 13:00:00+00:00,13,0.010391015032582837,0.00855545288473701,revert,APTUSDT/ETHUSDT
2023-08-17 15:00:00+00:00,6,-0.025913676494954987,-0.027240567984693587,stop,APTUSDT/ETHUSDT
2023-08-17 22:00:00+00:00,35,-0.02510109980878534,-0.02642799129852394,stop,APTUSDT/ETHUSDT
2023-08-19 12:00:00+00:00,13,-0.000519790204381709,-0.0018852614512565192,stop,APTUSDT/ETHUSDT
2023-08-20 02:00:00+00:00,5,-0.0016139520629796088,-0.002979423309854419,stop,APTUSDT/ETHUSDT
2023-08-20 08:00:00+00:00,45,0.0037448038008063727,0.0023793325539315626,revert,APTUSDT/ETHUSDT
2023-11-09 15:00:00+00:00,1,-0.01082401010284963,-0.012612796245943407,stop,APTUSDT/ETHUSDT
2023-05-11 19:00:00+00:00,72,-0.0038298922573925774,-0.005431587886385817,time,APTUSDT/FILUSDT
2024-04-21 06:00:00+00:00,56,-0.06542225603488563,-0.06730107843226414,stop,APTUSDT/FLOKIUSDT
2025-05-06 16:00:00+00:00,56,0.03170273156885353,0.029942866051237006,revert,APTUSDT/HBARUSDT
2023-02-19 10:00:00+00:00,72,0.018599936240165267,0.016761581753313534,time,APTUSDT/ICPUSDT
2023-05-28 09:00:00+00:00,72,-0.010974248142882254,-0.012800606221385064,time,APTUSDT/ICPUSDT
2023-05-31 10:00:00+00:00,23,-0.01952810424656134,-0.021354462325064147,stop,APTUSDT/ICPUSDT
2023-06-01 10:00:00+00:00,6,-0.003062238716183265,-0.004888596794686076,stop,APTUSDT/ICPUSDT
2023-06-01 17:00:00+00:00,2,-0.005430716686576048,-0.007257074765078858,stop,APTUSDT/ICPUSDT
2023-06-01 20:00:00+00:00,2,-0.0022910660295659465,-0.004117424108068757,stop,APTUSDT/ICPUSDT
2023-02-09 08:00:00+00:00,14,0.07936429356431987,0.07730314152130971,revert,APTUSDT/LINKUSDT
2023-07-24 17:00:00+00:00,72,-0.010737441091530643,-0.012215822304980617,time,APTUSDT/LINKUSDT
2023-07-27 18:00:00+00:00,72,0.021760537261915767,0.020282156048465793,time,APTUSDT/LINKUSDT
2023-07-30 19:00:00+00:00,72,-0.007964952967332043,-0.009443334180782017,time,APTUSDT/LINKUSDT
2023-08-02 20:00:00+00:00,72,-0.019856844297630964,-0.021335225511080937,time,APTUSDT/LINKUSDT
2023-08-05 21:00:00+00:00,72,-0.002075779754736987,-0.0035541609681869605,time,APTUSDT/LINKUSDT
2023-08-08 22:00:00+00:00,27,0.09579342209854429,0.09431504088509432,revert,APTUSDT/LINKUSDT
2023-08-18 02:00:00+00:00,22,0.034164813890593074,0.0324847951268647,revert,APTUSDT/LINKUSDT
2023-09-03 22:00:00+00:00,72,-0.01118875632530267,-0.012927681389006962,time,APTUSDT/LINKUSDT
2023-09-06 23:00:00+00:00,72,0.005777185375324653,0.004030744871651029,time,APTUSDT/LINKUSDT
2023-11-09 00:00:00+00:00,16,-0.029471670423328496,-0.031151097843339633,stop,APTUSDT/LINKUSDT
2023-11-09 21:00:00+00:00,16,-0.008886209305253877,-0.010565636725265013,stop,APTUSDT/LINKUSDT
2023-11-10 16:00:00+00:00,2,-0.0030382556203893112,-0.004717683040400447,stop,APTUSDT/LINKUSDT
2023-11-10 19:00:00+00:00,20,-0.013491675322044386,-0.015171102742055522,stop,APTUSDT/LINKUSDT
2023-11-11 16:00:00+00:00,7,-0.01805566754530253,-0.019735094965313667,stop,APTUSDT/LINKUSDT
2023-06-07 14:00:00+00:00,59,-0.06648854176809099,-0.06804275050008207,stop,APTUSDT/LTCUSDT
2025-06-21 08:00:00+00:00,8,0.016738385392597917,0.015037027322448257,revert,APTUSDT/LTCUSDT
2025-06-22 05:00:00+00:00,59,0.07340716184512269,0.07153322808463636,stop,APTUSDT/LTCUSDT
2025-06-24 19:00:00+00:00,4,-0.0029180662240733033,-0.004598617110640156,stop,APTUSDT/LTCUSDT
2025-06-25 00:00:00+00:00,51,-0.011204139361796438,-0.012880953351445023,stop,APTUSDT/LTCUSDT
2025-06-27 15:00:00+00:00,2,-0.007843686755778088,-0.009520500745426673,stop,APTUSDT/LTCUSDT
2025-06-27 18:00:00+00:00,72,0.020828311427042393,0.01915149743739381,time,APTUSDT/LTCUSDT
2025-06-30 20:00:00+00:00,31,0.019448802155474756,0.01777198816582617,revert,APTUSDT/LTCUSDT
2025-05-07 00:00:00+00:00,72,-0.004544236273673022,-0.006479781550768656,time,APTUSDT/NEARUSDT
2025-05-10 01:00:00+00:00,72,-0.01296768857312256,-0.014888766439048708,time,APTUSDT/NEARUSDT
2025-05-13 02:00:00+00:00,1,-0.0031609867224494533,-0.005082064588375602,stop,APTUSDT/NEARUSDT
2025-05-13 06:00:00+00:00,60,-0.00637080907387224,-0.008291886939798388,stop,APTUSDT/NEARUSDT
2025-06-21 04:00:00+00:00,3,-0.008752111091476344,-0.010831511649591601,stop,APTUSDT/NEARUSDT
2025-06-21 11:00:00+00:00,1,-0.0015882161460427755,-0.003667616704158034,stop,APTUSDT/NEARUSDT
2025-06-21 14:00:00+00:00,11,0.028728137656481835,0.026648737098366578,revert,APTUSDT/NEARUSDT
2025-06-24 11:00:00+00:00,3,0.0690374168157791,0.0671238864979901,stop,APTUSDT/NEARUSDT
2025-06-24 15:00:00+00:00,1,-0.04093870236877926,-0.043020887783595654,stop,APTUSDT/NEARUSDT
2025-04-22 22:00:00+00:00,54,-0.048726944180650066,-0.05036194450535841,stop,APTUSDT/PENGUUSDT
2025-06-21 06:00:00+00:00,17,0.02268416904745901,0.020922718146101946,revert,APTUSDT/SOLUSDT
2023-08-09 14:00:00+00:00,3,-0.016896921633468596,-0.018770852803613798,stop,APTUSDT/SUIUSDT
2023-08-10 00:00:00+00:00,72,0.027851260304654166,0.025966949085175325,time,APTUSDT/SUIUSDT
2023-08-17 21:00:00+00:00,20,0.037626741768086676,0.035984770962565096,revert,APTUSDT/SUIUSDT
2023-08-19 19:00:00+00:00,53,0.024762893307205616,0.023081246844270247,revert,APTUSDT/SUIUSDT
2023-08-22 08:00:00+00:00,40,-0.042661325047000126,-0.044370475669098436,stop,APTUSDT/SUIUSDT
2023-08-24 01:00:00+00:00,48,-0.01250210668017463,-0.014211257302272942,stop,APTUSDT/SUIUSDT
2025-06-21 04:00:00+00:00,23,0.029656208334039872,0.02782902878876697,revert,APTUSDT/SUIUSDT
2023-09-18 18:00:00+00:00,72,0.006678454152860115,0.004851728153471073,time,APTUSDT/UNIUSDT
2023-01-27 00:00:00+00:00,72,0.019880027635803255,0.01843999896191199,time,APTUSDT/XRPUSDT
2023-01-30 08:00:00+00:00,72,0.021566024775987833,0.020128474244807102,time,APTUSDT/XRPUSDT
2023-05-12 04:00:00+00:00,32,0.03516037281519431,0.033179645419789974,revert,APTUSDT/XRPUSDT
2023-05-17 00:00:00+00:00,50,-0.032302887653355795,-0.03429334141415052,stop,APTUSDT/XRPUSDT
2023-05-19 05:00:00+00:00,5,-0.002269184673658641,-0.004260064072105305,stop,APTUSDT/XRPUSDT
2023-05-19 11:00:00+00:00,1,-0.0008920995594024175,-0.002882978957849082,stop,APTUSDT/XRPUSDT
2023-05-19 15:00:00+00:00,1,-0.005524295851182021,-0.007515175249628686,stop,APTUSDT/XRPUSDT
2023-07-25 06:00:00+00:00,72,0.010888318169850624,0.009477141227974148,time,APTUSDT/XRPUSDT
2023-09-18 20:00:00+00:00,31,-0.02356384827901497,-0.02547402757536837,stop,APTUSDT/XRPUSDT
2023-09-20 04:00:00+00:00,13,-0.001723880983869865,-0.003634812750815916,stop,APTUSDT/XRPUSDT
2023-09-20 18:00:00+00:00,3,-0.0027749279201030857,-0.004685859687049137,stop,APTUSDT/XRPUSDT
2023-12-22 07:00:00+00:00,10,-0.06859449203706607,-0.07082318990043311,stop,ARBUSDT/AVAXUSDT
2023-12-22 18:00:00+00:00,2,-0.008185429640647527,-0.010414127504014577,stop,ARBUSDT/AVAXUSDT
2024-09-25 02:00:00+00:00,44,0.03010489703638533,0.02828125823572678,revert,ARBUSDT/AVAXUSDT
2024-10-08 00:00:00+00:00,72,-0.004681810158290906,-0.0064123514120406995,time,ARBUSDT/AVAXUSDT
2024-10-11 01:00:00+00:00,23,-0.027938592725192078,-0.029669133978941872,stop,ARBUSDT/AVAXUSDT
2024-11-13 06:00:00+00:00,72,0.0016175282079351552,-7.000882579273138e-05,time,ARBUSDT/AVAXUSDT
2024-11-16 20:00:00+00:00,9,0.0620019389541348,0.06018972823711719,revert,ARBUSDT/AVAXUSDT
2024-02-16 01:00:00+00:00,72,0.0051663670254751045,0.003408645285094104,time,ARBUSDT/BNBUSDT
2025-03-13 02:00:00+00:00,72,-0.023796272009249116,-0.025586489802821345,time,ARBUSDT/BNBUSDT
2025-03-16 03:00:00+00:00,23,-0.017947062639236795,-0.019737280432809024,stop,ARBUSDT/BNBUSDT
2025-03-17 12:00:00+00:00,2,-0.002769995265966134,-0.0045602130595383625,stop,ARBUSDT/BNBUSDT
2025-03-17 15:00:00+00:00,8,-0.0004997480278957818,-0.0022899658214680105,stop,ARBUSDT/BNBUSDT
2023-07-13 17:00:00+00:00,38,-0.03362265441302737,-0.035330782032433374,stop,ARBUSDT/BTCUSDT
2023-08-14 16:00:00+00:00,71,0.015235374588273797,0.013398195088068103,revert,ARBUSDT/BTCUSDT
2023-08-17 22:00:00+00:00,1,-0.0029648302535601485,-0.004319307791389616,stop,ARBUSDT/BTCUSDT
2023-12-22 07:00:00+00:00,1,-0.01967130303822928,-0.02149197322823814,stop,ARBUSDT/BTCUSDT
2023-12-22 09:00:00+00:00,2,-0.008830403616247911,-0.010651073806256775,stop,ARBUSDT/BTCUSDT
2024-02-21 04:00:00+00:00,21,-0.0368185478249622,-0.03844593325495825,stop,ARBUSDT/BTCUSDT
2024-02-22 02:00:00+00:00,23,-0.005124502314350339,-0.006751887744346385,stop,ARBUSDT/BTCUSDT
2024-02-23 20:00:00+00:00,2,-0.003076508184785254,-0.0047038936147813,stop,ARBUSDT/BTCUSDT
2024-02-23 23:00:00+00:00,2,-0.01285983909498754,-0.014487224524983586,stop,ARBUSDT/BTCUSDT
2024-02-24 03:00:00+00:00,72,-0.002266487944519127,-0.003893873374515173,time,ARBUSDT/BTCUSDT
2024-02-27 04:00:00+00:00,3,-0.004605965843002187,-0.006233351272998233,stop,ARBUSDT/BTCUSDT
2024-02-27 09:00:00+00:00,4,-0.004560870208732557,-0.006188255638728603,stop,ARBUSDT/BTCUSDT
2024-03-16 13:00:00+00:00,49,-0.08157514618274476,-0.08306171453829851,stop,ARBUSDT/BTCUSDT
2024-03-18 15:00:00+00:00,1,-0.007597150059064719,-0.009083718414618466,stop,ARBUSDT/BTCUSDT
2024-03-18 17:00:00+00:00,1,-0.013775530705989568,-0.015262099061543317,stop,ARBUSDT/BTCUSDT
2025-03-04 19:00:00+00:00,72,0.03502952755332043,0.03332826032953323,time,ARBUSDT/BTCUSDT
2025-04-01 14:00:00+00:00,44,-0.02760889135339726,-0.029402160650424947,stop,ARBUSDT/BTCUSDT
2025-04-03 11:00:00+00:00,72,0.004119984761483091,0.002326715464455403,time,ARBUSDT/BTCUSDT
2025-04-06 12:00:00+00:00,1,-0.004047421087585015,-0.005840690384612703,stop,ARBUSDT/BTCUSDT
2025-04-06 18:00:00+00:00,1,-0.0017740291992348607,-0.003567298496262549,stop,ARBUSDT/BTCUSDT
2025-04-06 22:00:00+00:00,2,-0.0026431934672796024,-0.004436462764307291,stop,ARBUSDT/BTCUSDT
2025-04-07 01:00:00+00:00,21,-0.0037969163468172,-0.005590185643844888,stop,ARBUSDT/BTCUSDT
2025-04-07 23:00:00+00:00,2,-0.005372680781642743,-0.007165950078670431,stop,ARBUSDT/BTCUSDT
2025-04-08 02:00:00+00:00,1,-0.0019897241117024923,-0.0037829934087301805,stop,ARBUSDT/BTCUSDT
2025-04-08 09:00:00+00:00,34,0.00012583554248982165,-0.0016674337545378665,stop,ARBUSDT/BTCUSDT
2025-11-07 15:00:00+00:00,72,0.01600864767595017,0.014626469157837375,time,ARBUSDT/BTCUSDT
2023-06-26 06:00:00+00:00,33,-0.03162166045560051,-0.033338095094067835,stop,ARBUSDT/DOGEUSDT
2023-06-27 17:00:00+00:00,72,0.029139175830456738,0.027424637172054973,time,ARBUSDT/DOGEUSDT
2023-08-25 00:00:00+00:00,72,-0.01189258922396272,-0.013610454981046662,time,ARBUSDT/DOGEUSDT
2023-08-28 01:00:00+00:00,8,-0.006812776481013879,-0.00853064223809782,stop,ARBUSDT/DOGEUSDT
2023-08-28 12:00:00+00:00,3,-0.001669545228229258,-0.0033874109853132004,stop,ARBUSDT/DOGEUSDT
2023-08-28 17:00:00+00:00,3,-0.004790990157537602,-0.006508855914621544,stop,ARBUSDT/DOGEUSDT
2023-08-28 22:00:00+00:00,12,-0.0008394452146866498,-0.002557310971770592,stop,ARBUSDT/DOGEUSDT
2023-08-29 11:00:00+00:00,4,-0.008819371124621979,-0.010537236881705922,stop,ARBUSDT/DOGEUSDT
2024-03-16 13:00:00+00:00,53,-0.09492697711291018,-0.09636836415304066,stop,ARBUSDT/DOGEUSDT
2024-03-18 21:00:00+00:00,1,-0.009400697586131247,-0.010842084626261737,stop,ARBUSDT/DOGEUSDT
2024-09-06 15:00:00+00:00,34,0.015886654008693022,0.014213762643136755,revert,ARBUSDT/DOGEUSDT
2025-02-15 12:00:00+00:00,25,0.021864228237139068,0.020044677457980376,revert,ARBUSDT/DOGEUSDT
2025-02-20 19:00:00+00:00,72,-0.01653003898231782,-0.0182435977092948,time,ARBUSDT/DOGEUSDT
2025-02-23 20:00:00+00:00,37,-0.01323823047171023,-0.014951789198687209,stop,ARBUSDT/DOGEUSDT
2023-11-03 18:00:00+00:00,27,-0.02264294222688782,-0.024514173138487482,stop,ARBUSDT/DOTUSDT
2023-11-04 23:00:00+00:00,72,0.032632510468974224,0.030761511458927714,time,ARBUSDT/DOTUSDT
2025-02-06 23:00:00+00:00,12,0.05187500260212755,0.0498862904835196,revert,ARBUSDT/ENAUSDT
2023-08-16 21:00:00+00:00,16,0.012962866848280116,0.0111190183673009,revert,ARBUSDT/ETHUSDT
2023-08-17 15:00:00+00:00,5,-0.009202145090940124,-0.01056129542812283,stop,ARBUSDT/ETHUSDT
2025-11-04 17:00:00+00:00,3,-0.022954062397928562,-0.0243975266211949,stop,ARBUSDT/ETHUSDT
2025-11-04 23:00:00+00:00,72,-0.025354983052113804,-0.026798447275380142,time,ARBUSDT/ETHUSDT
2024-03-16 16:00:00+00:00,51,-0.10742339440054097,-0.10884696699318058,stop,ARBUSDT/FETUSDT
2024-03-18 20:00:00+00:00,4,-0.014111035050211135,-0.015534607642850754,stop,ARBUSDT/FETUSDT
2024-03-19 15:00:00+00:00,7,-0.016405880781503446,-0.017829453374143066,stop,ARBUSDT/FETUSDT
2024-03-19 23:00:00+00:00,4,-0.02281441378057578,-0.0242379863732154,stop,ARBUSDT/FETUSDT
2024-03-20 06:00:00+00:00,10,-0.006975939063943887,-0.008399511656583505,stop,ARBUSDT/FETUSDT
2024-03-20 17:00:00+00:00,44,-0.027818371715303866,-0.029241944307943486,stop,ARBUSDT/FETUSDT
2026-01-02 00:00:00+00:00,47,0.029420378292910818,0.02738751492510829,revert,ARBUSDT/FETUSDT
2026-01-04 12:00:00+00:00,15,-0.03919966270626241,-0.041064491906851776,stop,ARBUSDT/FETUSDT
2024-09-19 14:00:00+00:00,52,-0.028223820234232668,-0.029993148848397835,stop,ARBUSDT/FILUSDT
2024-03-16 13:00:00+00:00,17,-0.09707450441089682,-0.09847640233862633,stop,ARBUSDT/FLOKIUSDT
2024-03-17 07:00:00+00:00,31,-0.011651136882509683,-0.013053034810239181,stop,ARBUSDT/FLOKIUSDT
2024-03-18 15:00:00+00:00,1,-0.009033414138807722,-0.01043531206653722,stop,ARBUSDT/FLOKIUSDT
2024-03-18 17:00:00+00:00,1,-0.01697537159680157,-0.018377269524531066,stop,ARBUSDT/FLOKIUSDT
2023-08-25 14:00:00+00:00,72,-0.004264260791372547,-0.0059652101293317435,time,ARBUSDT/LINKUSDT
2023-08-28 15:00:00+00:00,72,-0.0028092643565810387,-0.004510213694540235,time,ARBUSDT/LINKUSDT
2023-08-31 16:00:00+00:00,22,-0.017652265936367845,-0.01935321527432704,stop,ARBUSDT/LINKUSDT
2023-12-19 22:00:00+00:00,34,-0.06363898596842912,-0.06540022324096204,stop,ARBUSDT/NEARUSDT
2023-12-21 10:00:00+00:00,1,-0.006290691693728401,-0.008051928966261307,stop,ARBUSDT/NEARUSDT
2024-08-23 10:00:00+00:00,72,0.0007309909699855684,-0.001256170940170955,time,ARBUSDT/NEARUSDT
2024-08-26 11:00:00+00:00,17,-0.021886052517385013,-0.023873214427541537,stop,ARBUSDT/NEARUSDT
2024-08-27 08:00:00+00:00,8,-0.002924650646542546,-0.004911812556699069,stop,ARBUSDT/NEARUSDT
2025-04-12 14:00:00+00:00,72,0.020079897792220774,0.018400343889396976,time,ARBUSDT/PENGUUSDT
2025-04-17 14:00:00+00:00,29,0.038325267905216905,0.036631433811872914,revert,ARBUSDT/PENGUUSDT
2025-02-14 15:00:00+00:00,13,0.01752120886607924,0.015835392931878477,revert,ARBUSDT/POLUSDT
2025-02-19 16:00:00+00:00,67,-0.024489161234347287,-0.02617624040601037,stop,ARBUSDT/POLUSDT
2025-02-22 12:00:00+00:00,19,-0.002172247780044662,-0.0038593269517077475,stop,ARBUSDT/POLUSDT
2025-02-23 08:00:00+00:00,7,-0.0043174117111146465,-0.006004490882777732,stop,ARBUSDT/POLUSDT
2025-02-23 20:00:00+00:00,72,0.01663241834438193,0.014945339172718843,time,ARBUSDT/POLUSDT
2025-02-26 21:00:00+00:00,72,0.02158228615287761,0.019895206981214525,revert,ARBUSDT/POLUSDT
2024-09-25 00:00:00+00:00,9,-0.01285196399283269,-0.014474536977977818,stop,ARBUSDT/SEIUSDT
2024-09-25 11:00:00+00:00,4,-0.010098564817626917,-0.011721137802772045,stop,ARBUSDT/SEIUSDT
2024-09-25 17:00:00+00:00,2,-0.0027972738808131545,-0.004419846865958282,stop,ARBUSDT/SEIUSDT
2024-09-27 22:00:00+00:00,30,0.02642062016983591,0.02444666168343849,revert,ARBUSDT/SEIUSDT
2024-09-30 18:00:00+00:00,22,-0.03741900406700248,-0.0390129644453397,stop,ARBUSDT/SEIUSDT
2024-03-15 08:00:00+00:00,46,-0.1002835892357156,-0.1017766274469997,stop,ARBUSDT/SHIBUSDT
2024-03-17 07:00:00+00:00,31,-0.018370826538243474,-0.01986287232854253,stop,ARBUSDT/SHIBUSDT
2024-03-18 15:00:00+00:00,1,-0.008271656332108917,-0.009763702122407975,stop,ARBUSDT/SHIBUSDT
2023-12-15 11:00:00+00:00,72,-0.002856613850044952,-0.004511384363982632,time,ARBUSDT/SOLUSDT
2023-12-18 15:00:00+00:00,72,-0.030179852387216516,-0.03181008064382052,time,ARBUSDT/SOLUSDT
2023-12-21 16:00:00+00:00,15,0.07055468349665277,0.06894183805705564,revert,ARBUSDT/SOLUSDT
2023-12-22 13:00:00+00:00,36,0.05514867060664377,0.05312371781759018,revert,ARBUSDT/SOLUSDT
2024-02-23 02:00:00+00:00,52,0.0240473390301128,0.02232402845043648,revert,ARBUSDT/SOLUSDT
2024-02-28 05:00:00+00:00,18,-0.036836388838553696,-0.038600467197032785,stop,ARBUSDT/SOLUSDT
2024-10-01 16:00:00+00:00,44,0.017608289610828352,0.015771530833792055,revert,ARBUSDT/SOLUSDT
2023-08-17 15:00:00+00:00,9,0.013638936242876838,0.011996442706677185,revert,ARBUSDT/SUIUSDT
2023-08-19 16:00:00+00:00,3,-0.01763711645663533,-0.01930170808936494,stop,ARBUSDT/SUIUSDT
2023-08-19 21:00:00+00:00,2,-0.010716743829151948,-0.012381335461881554,stop,ARBUSDT/SUIUSDT
2023-09-28 15:00:00+00:00,19,0.04158767042022999,0.039799017728260604,revert,ARBUSDT/SUIUSDT
2024-02-22 23:00:00+00:00,72,0.05008775104493239,0.04847034558996635,revert,ARBUSDT/SUIUSDT
2026-01-03 01:00:00+00:00,66,-0.021657613633482856,-0.0234190241148695,stop,ARBUSDT/SUIUSDT
2026-01-04 16:00:00+00:00,72,0.02367858643470482,0.021519329844556255,time,ARBUSDT/TAOUSDT
2025-10-10 21:00:00+00:00,7,0.02651374406887859,0.02321389415405336,revert,ARBUSDT/TRXUSDT
2023-09-01 17:00:00+00:00,72,0.0024318853080939964,0.0006969614384927565,time,ARBUSDT/UNIUSDT
2023-09-04 18:00:00+00:00,72,0.0035359696824935447,0.0018010458128923047,time,ARBUSDT/UNIUSDT
2025-10-10 02:00:00+00:00,1,-0.023133948731860518,-0.024953361464741027,stop,ARBUSDT/UNIUSDT
2025-10-10 04:00:00+00:00,17,-0.016391898536093324,-0.018211311268973834,stop,ARBUSDT/UNIUSDT
2025-11-01 18:00:00+00:00,72,0.0014860867207180939,-0.0003004167545102637,time,ARBUSDT/UNIUSDT
2025-11-06 19:00:00+00:00,64,-0.026764668157695196,-0.029126720873463054,stop,ARBUSDT/XLMUSDT
2025-11-09 15:00:00+00:00,1,-0.00037682926778702993,-0.0027388819835548884,stop,ARBUSDT/XLMUSDT
2025-11-09 20:00:00+00:00,13,0.05329100364536962,0.050928950929601764,revert,ARBUSDT/XLMUSDT
2023-07-25 14:00:00+00:00,72,0.008781613451150548,0.007247120053578267,time,ARBUSDT/XRPUSDT
2023-08-17 00:00:00+00:00,72,0.025346437385410318,0.023709868263904418,time,ARBUSDT/XRPUSDT
2023-09-19 02:00:00+00:00,72,0.0004558364733985437,-0.001568661112413256,time,ARBUSDT/XRPUSDT
2023-09-22 03:00:00+00:00,72,0.005748505566981239,0.003724007981169439,time,ARBUSDT/XRPUSDT
2023-09-25 17:00:00+00:00,70,0.02402009324767211,0.021995595661860313,revert,ARBUSDT/XRPUSDT
2023-12-08 02:00:00+00:00,22,0.025724765311835533,0.023875980803763852,revert,ARBUSDT/XRPUSDT
2023-12-12 02:00:00+00:00,19,-0.016253694450019392,-0.018016316055533037,stop,ARBUSDT/XRPUSDT
2024-03-16 16:00:00+00:00,51,-0.07320569376796754,-0.07483751861572029,stop,ARBUSDT/XRPUSDT
2024-03-18 21:00:00+00:00,1,-0.0169688727724484,-0.01860069762020115,stop,ARBUSDT/XRPUSDT
2024-11-13 01:00:00+00:00,32,0.02713781092438356,0.025796561823965534,revert,AVAXUSDT/BNBUSDT
2024-11-15 14:00:00+00:00,72,-0.011773304382232768,-0.013097447701322304,time,AVAXUSDT/BNBUSDT
2024-11-18 17:00:00+00:00,72,-0.0020043811799157407,-0.003307434232896399,time,AVAXUSDT/BNBUSDT
2024-11-21 18:00:00+00:00,26,-0.030819371055683106,-0.03212242410866376,stop,AVAXUSDT/BNBUSDT
2024-11-22 21:00:00+00:00,1,-0.005817585758940914,-0.007120638811921572,stop,AVAXUSDT/BNBUSDT
2025-09-17 22:00:00+00:00,19,0.02555932517408369,0.023795502359857085,revert,AVAXUSDT/BNBUSDT
2025-09-20 15:00:00+00:00,9,-0.03282141152273427,-0.034576245295913605,stop,AVAXUSDT/BNBUSDT
2025-09-21 12:00:00+00:00,1,-0.0025006623309492618,-0.0042554961041285965,stop,AVAXUSDT/BNBUSDT
2025-09-21 16:00:00+00:00,1,-0.0027273025938507516,-0.004482136367030086,stop,AVAXUSDT/BNBUSDT
2025-09-21 19:00:00+00:00,3,-0.004136839082436221,-0.0058916728556155555,stop,AVAXUSDT/BNBUSDT
2025-09-21 23:00:00+00:00,2,-0.0034450242481012423,-0.005199858021280577,stop,AVAXUSDT/BNBUSDT
2025-09-22 03:00:00+00:00,1,-0.0036289883780678506,-0.005383822151247185,stop,AVAXUSDT/BNBUSDT
2025-09-22 05:00:00+00:00,1,-0.0044364235470903905,-0.006191257320269725,stop,AVAXUSDT/BNBUSDT
2025-09-22 10:00:00+00:00,13,0.04413620412902889,0.04238137035584955,revert,AVAXUSDT/BNBUSDT
2026-08-11 14:00:00+00:00,37,0.034117737935634475,0.032881924721476004,revert,AVAXUSDT/BNBUSDT
2022-02-04 19:00:00+00:00,72,-0.02515110486957134,-0.026856580655864125,time,AVAXUSDT/BTCUSDT
2022-02-07 20:00:00+00:00,72,0.03160243556051068,0.029900704346621183,time,AVAXUSDT/BTCUSDT
2022-02-16 07:00:00+00:00,72,-0.012171194521221375,-0.013585877486191215,time,AVAXUSDT/BTCUSDT
2022-02-19 08:00:00+00:00,72,0.019601878689444033,0.01818944720594644,time,AVAXUSDT/BTCUSDT
2024-10-12 01:00:00+00:00,61,0.02572912905870402,0.02434655771309734,revert,AVAXUSDT/BTCUSDT
2025-09-22 08:00:00+00:00,72,-0.005156734803296915,-0.006359390459532521,time,AVAXUSDT/BTCUSDT
2025-09-25 09:00:00+00:00,72,-0.00030973909687019574,-0.0015123947531058021,time,AVAXUSDT/BTCUSDT
2025-09-28 10:00:00+00:00,70,0.03322216740716395,0.03201951175092835,revert,AVAXUSDT/BTCUSDT
2022-08-28 08:00:00+00:00,18,-0.04105329429918748,-0.04319824702099148,stop,AVAXUSDT/CAKEUSDT
2024-05-04 18:00:00+00:00,72,0.006520158403391119,0.004560796527166367,time,AVAXUSDT/CAKEUSDT
2021-12-16 01:00:00+00:00,58,0.12312508862552926,0.1214790848796123,revert,AVAXUSDT/CFXUSDT
2023-01-28 00:00:00+00:00,5,0.04206773474554129,0.040596713602912844,revert,AVAXUSDT/DOGEUSDT
2023-01-28 16:00:00+00:00,56,0.02867382375465887,0.027202802612030428,revert,AVAXUSDT/DOGEUSDT
2023-01-31 19:00:00+00:00,20,0.03667676044316348,0.034818351311798265,revert,AVAXUSDT/DOGEUSDT
2023-02-09 22:00:00+00:00,72,0.01794397532675995,0.016465816048580505,time,AVAXUSDT/DOGEUSDT
2024-07-27 19:00:00+00:00,72,-0.0031871603313469304,-0.004738709713757344,time,AVAXUSDT/DOGEUSDT
2024-07-30 20:00:00+00:00,72,-0.017521963242375163,-0.019073512624785578,time,AVAXUSDT/DOGEUSDT
2024-08-02 21:00:00+00:00,41,-0.016313703882490607,-0.017865253264901022,stop,AVAXUSDT/DOGEUSDT
2025-07-11 02:00:00+00:00,15,-0.019468313818687955,-0.021123621385379925,stop,AVAXUSDT/DOGEUSDT
2025-07-11 21:00:00+00:00,27,0.015120011735469157,0.013464704168777188,revert,AVAXUSDT/DOGEUSDT
2025-08-23 12:00:00+00:00,72,0.01186077375681742,0.010154131970310355,time,AVAXUSDT/DOGEUSDT
2026-08-02 06:00:00+00:00,43,-0.02038138946238149,-0.022065089419021775,stop,AVAXUSDT/DOGEUSDT
2026-08-04 05:00:00+00:00,67,0.027889109727184037,0.02619158039835219,revert,AVAXUSDT/DOGEUSDT
2026-08-11 15:00:00+00:00,34,0.023331159468794122,0.021867728485381405,revert,AVAXUSDT/DOGEUSDT
2023-12-15 19:00:00+00:00,72,-0.019612807074564902,-0.02125462889879445,time,AVAXUSDT/DOTUSDT
2023-12-18 20:00:00+00:00,71,0.08660071664204416,0.08495889481781461,revert,AVAXUSDT/DOTUSDT
2025-09-10 12:00:00+00:00,9,-0.0427404890768106,-0.04474849691805537,stop,AVAXUSDT/ENAUSDT
2022-02-04 07:00:00+00:00,71,0.0333054958278449,0.03171474747835861,revert,AVAXUSDT/ETHUSDT
2022-02-10 20:00:00+00:00,72,0.023812616579899457,0.022307572913512763,time,AVAXUSDT/ETHUSDT
2022-03-14 12:00:00+00:00,71,0.03958437924931802,0.038000134357732744,revert,AVAXUSDT/ETHUSDT
2022-03-25 14:00:00+00:00,72,0.0019872522250416677,0.0003871776429648496,time,AVAXUSDT/ETHUSDT
2022-03-28 15:00:00+00:00,58,0.03178155665533605,0.030181482073259235,revert,AVAXUSDT/ETHUSDT
2023-12-10 22:00:00+00:00,72,-0.05032345894659684,-0.05171406900062626,time,AVAXUSDT/ETHUSDT
2023-12-13 23:00:00+00:00,72,-0.038062321274219116,-0.039452931328248536,time,AVAXUSDT/ETHUSDT
2025-01-13 14:00:00+00:00,53,0.025895483602925297,0.024485940072202683,revert,AVAXUSDT/ETHUSDT
2025-09-08 10:00:00+00:00,44,-0.042081279778419474,-0.0437693744383069,stop,AVAXUSDT/ETHUSDT
2025-09-10 08:00:00+00:00,3,-0.004070889855025956,-0.005758984514913379,stop,AVAXUSDT/ETHUSDT
2021-12-16 00:00:00+00:00,72,-0.08832127051966836,-0.0901811263082691,time,AVAXUSDT/FETUSDT
2021-12-19 01:00:00+00:00,42,-0.013475495599995939,-0.015335351388596688,stop,AVAXUSDT/FETUSDT
2021-12-20 21:00:00+00:00,72,0.05371156835813973,0.05185171256953898,time,AVAXUSDT/FETUSDT
2021-12-23 22:00:00+00:00,72,0.01700486234969227,0.015145006561091521,time,AVAXUSDT/FETUSDT
2021-12-26 23:00:00+00:00,72,0.01313903302875783,0.011279177240157081,time,AVAXUSDT/FETUSDT
2024-04-20 18:00:00+00:00,68,-0.044639159659260866,-0.046305032978718214,stop,AVAXUSDT/FLOKIUSDT
2024-08-21 03:00:00+00:00,31,0.045824146144000016,0.04404620105546984,revert,AVAXUSDT/FLOKIUSDT
2024-08-22 13:00:00+00:00,12,-0.03510581384090708,-0.03688375892943726,stop,AVAXUSDT/FLOKIUSDT
2024-08-23 05:00:00+00:00,3,-0.004883109609417925,-0.006661054697948104,stop,AVAXUSDT/FLOKIUSDT
2024-08-23 15:00:00+00:00,20,-0.0069641761242848765,-0.008742121212815056,stop,AVAXUSDT/FLOKIUSDT
2024-08-24 12:00:00+00:00,3,-0.0019899093875842423,-0.0037678544761144215,stop,AVAXUSDT/FLOKIUSDT
2024-08-24 16:00:00+00:00,65,0.04005140206685126,0.03827345697832108,revert,AVAXUSDT/FLOKIUSDT
2021-11-10 21:00:00+00:00,72,-0.04297341131992033,-0.044595552271316063,time,AVAXUSDT/ICPUSDT
2021-11-13 22:00:00+00:00,53,-0.022437502673418125,-0.024053478546863048,stop,AVAXUSDT/ICPUSDT
2021-11-16 05:00:00+00:00,4,-0.00871356581944431,-0.010329541692889233,stop,AVAXUSDT/ICPUSDT
2022-08-28 21:00:00+00:00,8,-0.03131275188369078,-0.03294795744081069,stop,AVAXUSDT/LINKUSDT
2022-08-29 07:00:00+00:00,1,-0.00120095523452101,-0.0028361607916409263,stop,AVAXUSDT/LINKUSDT
2022-08-29 09:00:00+00:00,1,-0.0031358531576061747,-0.004771058714726091,stop,AVAXUSDT/LINKUSDT
2022-08-29 13:00:00+00:00,72,-0.0005811358048370147,-0.002216341361956931,time,AVAXUSDT/LINKUSDT
2023-01-30 15:00:00+00:00,72,-0.0008713678323451213,-0.002325033307403252,time,AVAXUSDT/LINKUSDT
2023-02-02 21:00:00+00:00,72,0.004149052604494044,0.002695387129435913,time,AVAXUSDT/LINKUSDT
2023-02-05 22:00:00+00:00,72,0.014452667213239626,0.012999001738181495,time,AVAXUSDT/LINKUSDT
2023-02-09 08:00:00+00:00,20,0.04877874841216634,0.04692869042364869,revert,AVAXUSDT/LINKUSDT
2024-04-25 05:00:00+00:00,72,0.007877108413042903,0.00618743966418491,time,AVAXUSDT/LINKUSDT
2024-06-11 05:00:00+00:00,5,0.017235839146706355,0.015727921332792837,revert,AVAXUSDT/LTCUSDT
2024-06-11 15:00:00+00:00,42,0.009279103861693712,0.007771186047780194,revert,AVAXUSDT/LTCUSDT
2024-06-14 00:00:00+00:00,72,-0.008297428664012736,-0.010166498696835367,time,AVAXUSDT/LTCUSDT
2024-06-17 01:00:00+00:00,24,0.011957909315580134,0.010070385316392871,revert,AVAXUSDT/LTCUSDT
2024-06-22 05:00:00+00:00,34,-0.014747513405763347,-0.016646610544555816,stop,AVAXUSDT/LTCUSDT
2024-06-23 16:00:00+00:00,17,0.04074811739838243,0.03884902025958996,revert,AVAXUSDT/LTCUSDT
2022-08-19 00:00:00+00:00,49,0.024791972285224367,0.023018195335165664,revert,AVAXUSDT/NEARUSDT
2022-08-27 15:00:00+00:00,31,-0.03545154501043948,-0.03724426957690449,stop,AVAXUSDT/NEARUSDT
2022-08-28 23:00:00+00:00,1,-0.00668648768801101,-0.008479212254476027,stop,AVAXUSDT/NEARUSDT
2022-08-29 16:00:00+00:00,2,-0.004866144882271797,-0.006658869448736813,stop,AVAXUSDT/NEARUSDT
2022-08-29 22:00:00+00:00,1,-0.0011501328590469945,-0.002942857425512011,stop,AVAXUSDT/NEARUSDT
2021-11-07 01:00:00+00:00,25,-0.061541727030571515,-0.06330458267848263,stop,AVAXUSDT/SOLUSDT
2022-01-22 09:00:00+00:00,8,0.05072680475273233,0.04909171369369044,revert,AVAXUSDT/SOLUSDT
2022-01-24 05:00:00+00:00,72,-0.006920952303696355,-0.008579474569980188,time,AVAXUSDT/SOLUSDT
2022-01-27 06:00:00+00:00,43,-0.02873909478184381,-0.030397617048127646,stop,AVAXUSDT/SOLUSDT
2022-01-29 02:00:00+00:00,12,-0.004829373719335058,-0.0064878959856188925,stop,AVAXUSDT/SOLUSDT
2024-10-12 01:00:00+00:00,64,0.03229904545515299,0.03069054024200342,revert,AVAXUSDT/SOLUSDT
2025-08-28 07:00:00+00:00,72,-0.0024792232261838347,-0.004015414513308882,time,AVAXUSDT/SOLUSDT
2025-08-31 19:00:00+00:00,72,0.02938976344570666,0.027871984237113116,time,AVAXUSDT/SOLUSDT
2026-08-11 17:00:00+00:00,34,0.0332343321413016,0.03187133516799067,revert,AVAXUSDT/SOLUSDT
2025-07-14 06:00:00+00:00,19,-0.020060664364940264,-0.021606356319882437,stop,AVAXUSDT/SUIUSDT
2025-07-15 09:00:00+00:00,1,-0.008577840143957575,-0.010123532098899747,stop,AVAXUSDT/SUIUSDT
2025-07-15 17:00:00+00:00,1,-0.0042839210632446625,-0.005829613018186834,stop,AVAXUSDT/SUIUSDT
2025-07-15 20:00:00+00:00,72,0.07178837176229504,0.07024267980735287,time,AVAXUSDT/SUIUSDT
2025-07-18 21:00:00+00:00,21,-0.019037201238322206,-0.020748342297440516,stop,AVAXUSDT/SUIUSDT
2025-08-17 17:00:00+00:00,72,0.011367684412044506,0.009698098476220395,time,AVAXUSDT/SUIUSDT
2024-04-16 22:00:00+00:00,56,0.02901677966475983,0.02746562079088371,revert,AVAXUSDT/WLDUSDT
2024-05-05 14:00:00+00:00,17,-0.026825160478120016,-0.02840909155955348,stop,AVAXUSDT/WLDUSDT
2024-05-06 08:00:00+00:00,11,-0.012731692843117828,-0.014317199886760706,stop,AVAXUSDT/WLDUSDT
2024-05-06 20:00:00+00:00,4,-0.003858066742788808,-0.0054435737864316856,stop,AVAXUSDT/WLDUSDT
2024-05-07 05:00:00+00:00,1,-0.004074507108786923,-0.0056600141524298,stop,AVAXUSDT/WLDUSDT
2024-05-07 08:00:00+00:00,1,-0.005021812779795642,-0.006607319823438519,stop,AVAXUSDT/WLDUSDT
2026-08-04 01:00:00+00:00,57,0.04911821647909415,0.04715443042381672,revert,AVAXUSDT/XPLUSDT
2022-01-25 18:00:00+00:00,36,0.027769264931368217,0.026161426630460463,revert,AVAXUSDT/XRPUSDT
2022-01-29 13:00:00+00:00,72,0.007855247990483712,0.006245035552669623,time,AVAXUSDT/XRPUSDT
2022-02-01 16:00:00+00:00,72,-0.0059065980748625735,-0.007516810512676662,time,AVAXUSDT/XRPUSDT
2022-02-04 17:00:00+00:00,72,0.1041206295255572,0.10251041708774311,time,AVAXUSDT/XRPUSDT
2022-02-07 18:00:00+00:00,4,-0.0320169211986675,-0.03385722249827332,stop,AVAXUSDT/XRPUSDT
2023-01-28 00:00:00+00:00,72,-0.01518394986128943,-0.016716744248425855,time,AVAXUSDT/XRPUSDT
2023-01-31 01:00:00+00:00,72,0.01049871034540633,0.008965915958269906,time,AVAXUSDT/XRPUSDT
2023-02-03 02:00:00+00:00,72,-0.004802813318960665,-0.006335607706097089,time,AVAXUSDT/XRPUSDT
2023-02-06 03:00:00+00:00,72,-0.0030181455066098407,-0.004550939893746265,time,AVAXUSDT/XRPUSDT
2023-02-09 04:00:00+00:00,72,0.00121559868492278,-0.00031719570221364394,time,AVAXUSDT/XRPUSDT
2023-02-12 05:00:00+00:00,72,-0.0041649444813563335,-0.005697738868492758,time,AVAXUSDT/XRPUSDT
2023-02-15 06:00:00+00:00,72,-0.0020063915247708376,-0.0035391859119072618,time,AVAXUSDT/XRPUSDT
2023-02-18 07:00:00+00:00,72,-0.006973906452667154,-0.008506700839803578,time,AVAXUSDT/XRPUSDT
2023-02-21 08:00:00+00:00,8,-0.013805025643184934,-0.015337820030321359,stop,AVAXUSDT/XRPUSDT
2023-02-21 19:00:00+00:00,2,-0.006045900881018222,-0.007578695268154646,stop,AVAXUSDT/XRPUSDT
2023-02-21 22:00:00+00:00,1,-0.0006016033021838513,-0.002134397689320275,stop,AVAXUSDT/XRPUSDT
2024-06-15 18:00:00+00:00,37,-0.0269552898822749,-0.028845519940357698,stop,AVAXUSDT/XRPUSDT
2022-08-17 13:00:00+00:00,5,0.04645093991416403,0.04480283732790441,revert,AVAXUSDT/ZENUSDT
2022-03-31 00:00:00+00:00,16,0.01667788218088772,0.015091204756580712,revert,BNBUSDT/BTCUSDT
2022-04-01 16:00:00+00:00,72,-0.00045875273745497446,-0.0020386002962013696,time,BNBUSDT/BTCUSDT
2022-04-04 17:00:00+00:00,72,-0.015016560978725248,-0.016596408537471644,time,BNBUSDT/BTCUSDT
2022-05-11 06:00:00+00:00,6,-0.025416490336214896,-0.026923619096052502,stop,BNBUSDT/BTCUSDT
2022-09-24 04:00:00+00:00,70,0.01994215148589609,0.018333136677179677,revert,BNBUSDT/BTCUSDT
2023-03-16 14:00:00+00:00,21,0.017142711349350533,0.015525869569980484,revert,BNBUSDT/BTCUSDT
2023-03-22 09:00:00+00:00,72,-0.0011163492321765323,-0.0025408381694941263,time,BNBUSDT/BTCUSDT
2023-07-13 17:00:00+00:00,72,0.03261553132707751,0.030585140054525298,time,BNBUSDT/BTCUSDT
2023-08-16 03:00:00+00:00,21,-0.015589312537535734,-0.01681729661917845,stop,BNBUSDT/BTCUSDT
2023-08-17 03:00:00+00:00,11,-0.004415892018137194,-0.005643876099779911,stop,BNBUSDT/BTCUSDT
2023-09-11 10:00:00+00:00,72,0.00033438872648189344,-0.0011446467878447062,time,BNBUSDT/BTCUSDT
2023-09-14 11:00:00+00:00,72,0.0029957601176785697,0.00151672460335197,time,BNBUSDT/BTCUSDT
2023-11-04 08:00:00+00:00,17,-0.016252090936366315,-0.018012750180956445,stop,BNBUSDT/BTCUSDT
2025-01-26 23:00:00+00:00,72,0.0008218923853747172,-0.00022095455875354494,time,BNBUSDT/BTCUSDT
2025-03-15 23:00:00+00:00,72,-0.015913951090425184,-0.01745638031686913,time,BNBUSDT/BTCUSDT
2025-05-09 08:00:00+00:00,15,-0.0413729215576738,-0.04320941219005595,stop,BNBUSDT/BTCUSDT
2025-07-16 20:00:00+00:00,6,-0.009998781650268119,-0.011640211486256111,stop,BNBUSDT/BTCUSDT
2025-07-17 03:00:00+00:00,3,-0.008903415870594013,-0.010544845706582005,stop,BNBUSDT/BTCUSDT
2025-07-17 10:00:00+00:00,1,-0.002563399985366175,-0.004204829821354167,stop,BNBUSDT/BTCUSDT
2025-07-17 16:00:00+00:00,6,-0.0026845007183008795,-0.004325930554288872,stop,BNBUSDT/BTCUSDT
2026-01-27 17:00:00+00:00,72,-0.004350155907369015,-0.005871239903575543,time,BNBUSDT/BTCUSDT
2026-01-30 18:00:00+00:00,21,0.01233866627129857,0.010817582275092042,revert,BNBUSDT/BTCUSDT
2022-07-05 19:00:00+00:00,72,-0.012085706187008837,-0.014018056535240018,time,BNBUSDT/CAKEUSDT
2022-07-08 20:00:00+00:00,72,0.00454708694086136,0.0026134689532985797,time,BNBUSDT/CAKEUSDT
2022-07-11 21:00:00+00:00,72,-0.007065980506109857,-0.008999598493672637,time,BNBUSDT/CAKEUSDT
2022-07-14 22:00:00+00:00,42,-0.006692306008247384,-0.008625923995810164,stop,BNBUSDT/CAKEUSDT
2022-07-16 17:00:00+00:00,1,-0.0010278701669339855,-0.0029614881544967656,stop,BNBUSDT/CAKEUSDT
2023-03-13 00:00:00+00:00,14,-0.010545601446750607,-0.012479811480855989,stop,BNBUSDT/CAKEUSDT
2023-11-21 01:00:00+00:00,21,0.1125418822204288,0.11053537458773738,stop,BNBUSDT/CAKEUSDT
2023-11-21 23:00:00+00:00,72,0.020827257597021337,0.019568018651091,time,BNBUSDT/CAKEUSDT
2023-03-29 05:00:00+00:00,72,-0.010690150569803289,-0.011906536173348282,time,BNBUSDT/CFXUSDT
2023-04-01 06:00:00+00:00,72,0.00511960389204736,0.003903218288502366,time,BNBUSDT/CFXUSDT
2023-04-04 07:00:00+00:00,72,0.0001931089687020591,-0.001023276634842935,time,BNBUSDT/CFXUSDT
2023-04-07 08:00:00+00:00,72,0.0026014872257847143,0.0013851016222397202,time,BNBUSDT/CFXUSDT
2023-04-10 09:00:00+00:00,72,0.01967134315006374,0.018454957546518744,time,BNBUSDT/CFXUSDT
2023-07-13 17:00:00+00:00,72,0.029690734664150942,0.027685679442484592,time,BNBUSDT/CFXUSDT
2022-04-07 04:00:00+00:00,72,-0.0012428903314232994,-0.003051927600024074,time,BNBUSDT/CRVUSDT
2022-04-12 18:00:00+00:00,72,-0.0093027727028694,-0.01111382558948724,time,BNBUSDT/CRVUSDT
2022-04-15 19:00:00+00:00,72,-0.003330031226689124,-0.005141084113306963,time,BNBUSDT/CRVUSDT
2022-04-18 20:00:00+00:00,46,0.01596119245497407,0.014150139568356233,revert,BNBUSDT/CRVUSDT
2022-04-22 18:00:00+00:00,20,-0.022688356341951134,-0.024019110875079713,stop,BNBUSDT/CRVUSDT
2022-04-23 16:00:00+00:00,5,-0.002055566427570976,-0.0033821552569454337,stop,BNBUSDT/CRVUSDT
2022-10-26 04:00:00+00:00,15,-0.034570454201965535,-0.03612446135800646,stop,BNBUSDT/DOGEUSDT
2022-11-04 00:00:00+00:00,9,-0.03575146391946668,-0.037645593229592406,stop,BNBUSDT/DOGEUSDT
2022-11-04 10:00:00+00:00,2,-0.005485239833800719,-0.007379369143926444,stop,BNBUSDT/DOGEUSDT
2022-11-04 13:00:00+00:00,1,-0.005841464002650014,-0.007735593312775738,stop,BNBUSDT/DOGEUSDT
2022-11-04 15:00:00+00:00,9,-0.010907518084964795,-0.01280164739509052,stop,BNBUSDT/DOGEUSDT
2022-11-05 01:00:00+00:00,1,-0.005841710454881472,-0.007735839765007196,stop,BNBUSDT/DOGEUSDT
2022-11-05 04:00:00+00:00,1,-0.012913935647050265,-0.01480806495717599,stop,BNBUSDT/DOGEUSDT
2022-11-05 08:00:00+00:00,2,-0.0038096223195686956,-0.00570375162969442,stop,BNBUSDT/DOGEUSDT
2022-11-05 11:00:00+00:00,29,-0.0017862711452834553,-0.00368040045540918,stop,BNBUSDT/DOGEUSDT
2022-11-06 17:00:00+00:00,1,-0.00269379857912228,-0.0045879278892480045,stop,BNBUSDT/DOGEUSDT
2022-11-06 21:00:00+00:00,43,-0.07396237730200797,-0.0758565066121337,stop,BNBUSDT/DOGEUSDT
2022-11-08 18:00:00+00:00,15,0.06461596279865207,0.06272183348852635,revert,BNBUSDT/DOGEUSDT
2022-11-09 20:00:00+00:00,17,0.06446827495670465,0.06323853643774162,revert,BNBUSDT/DOGEUSDT
2023-03-13 04:00:00+00:00,1,-0.008729392049023399,-0.010496867752843243,stop,BNBUSDT/DOGEUSDT
2023-03-13 06:00:00+00:00,1,-0.005863604502500293,-0.0076310802063201365,stop,BNBUSDT/DOGEUSDT
2023-03-13 08:00:00+00:00,6,-0.0037599555438111564,-0.005527431247631,stop,BNBUSDT/DOGEUSDT
2023-03-13 17:00:00+00:00,5,-0.0009417039640870384,-0.0027091796679068816,stop,BNBUSDT/DOGEUSDT
2023-03-13 23:00:00+00:00,13,-0.0053253797919149345,-0.007092855495734778,stop,BNBUSDT/DOGEUSDT
2023-03-14 18:00:00+00:00,18,-0.0031371021835922804,-0.004904577887412123,stop,BNBUSDT/DOGEUSDT
2023-03-15 13:00:00+00:00,1,-0.0043076775953099335,-0.006075153299129776,stop,BNBUSDT/DOGEUSDT
2023-06-22 00:00:00+00:00,41,-0.02998031348280125,-0.031720087023910985,stop,BNBUSDT/DOGEUSDT
2023-06-23 18:00:00+00:00,42,-0.0015485377021933677,-0.003288311243303105,stop,BNBUSDT/DOGEUSDT
2023-06-25 13:00:00+00:00,72,0.016845056572460097,0.01510528303135036,time,BNBUSDT/DOGEUSDT
2023-06-28 14:00:00+00:00,59,-0.030936043042504784,-0.03267581658361452,stop,BNBUSDT/DOGEUSDT
2023-07-01 07:00:00+00:00,67,-0.0055374429888432174,-0.007277216529952954,stop,BNBUSDT/DOGEUSDT
2023-07-04 04:00:00+00:00,8,-0.004500595222205318,-0.006240368763315055,stop,BNBUSDT/DOGEUSDT
2024-02-21 08:00:00+00:00,16,-0.021972586782546277,-0.02347150901795944,stop,BNBUSDT/DOGEUSDT
2024-02-22 02:00:00+00:00,23,-0.0041142297136986415,-0.005613151949111807,stop,BNBUSDT/DOGEUSDT
2024-02-23 02:00:00+00:00,6,-0.0019926957230777596,-0.0034916179584909253,stop,BNBUSDT/DOGEUSDT
2024-02-23 09:00:00+00:00,72,-0.001950842079376583,-0.0034497643147897487,stop,BNBUSDT/DOGEUSDT
2024-02-26 15:00:00+00:00,16,0.03841315418434315,0.03691423194892998,revert,BNBUSDT/DOGEUSDT
2024-02-27 13:00:00+00:00,27,-0.11266783937472212,-0.11443388215675707,stop,BNBUSDT/DOGEUSDT
2024-07-20 15:00:00+00:00,48,-0.019046635259345152,-0.020597305100109115,stop,BNBUSDT/DOGEUSDT
2024-07-22 16:00:00+00:00,1,-0.008017121448078032,-0.009567791288841995,stop,BNBUSDT/DOGEUSDT
2024-07-22 21:00:00+00:00,72,0.02481321139709839,0.023262541556334428,time,BNBUSDT/DOGEUSDT
2025-03-13 13:00:00+00:00,72,-0.015514365444774077,-0.017308338011346056,time,BNBUSDT/DOGEUSDT
2025-03-16 14:00:00+00:00,16,-0.02918639755944861,-0.030986652464264887,stop,BNBUSDT/DOGEUSDT
2025-03-17 17:00:00+00:00,6,-0.007368235994090508,-0.009168490898906787,stop,BNBUSDT/DOGEUSDT
2025-05-09 22:00:00+00:00,1,-0.027267333129096974,-0.029136476326004548,stop,BNBUSDT/DOGEUSDT
2025-05-21 21:00:00+00:00,72,0.0009508825979208527,-0.0008907139298340956,time,BNBUSDT/DOGEUSDT
2025-06-22 13:00:00+00:00,33,0.019523210748872703,0.018321096926509062,revert,BNBUSDT/DOGEUSDT
2025-07-19 04:00:00+00:00,28,0.013647310573277623,0.012310540806331033,revert,BNBUSDT/DOGEUSDT
2025-07-20 18:00:00+00:00,9,0.014697403036484657,0.013370440104576038,revert,BNBUSDT/DOGEUSDT
2025-07-22 19:00:00+00:00,5,-0.020136359324247285,-0.021964463531885317,stop,BNBUSDT/DOGEUSDT
2025-07-23 16:00:00+00:00,1,-0.005243429082103427,-0.007072440506776361,stop,BNBUSDT/DOGEUSDT
2025-07-23 20:00:00+00:00,1,-0.006036832787445824,-0.007865844212118757,stop,BNBUSDT/DOGEUSDT
2026-07-05 08:00:00+00:00,72,-0.0013145018124017735,-0.003068232147353421,time,BNBUSDT/DOGEUSDT
2026-07-08 09:00:00+00:00,72,-0.006077692701380227,-0.007833685800280665,time,BNBUSDT/DOGEUSDT
2026-07-11 10:00:00+00:00,26,-0.008801232765010164,-0.010557225863910601,stop,BNBUSDT/DOGEUSDT
2026-07-12 13:00:00+00:00,72,0.004150805229464795,0.0023948121305643576,time,BNBUSDT/DOGEUSDT
2026-07-15 14:00:00+00:00,72,0.0007869486169376511,-0.0009690444819627864,time,BNBUSDT/DOGEUSDT
2026-07-18 15:00:00+00:00,72,0.0008078755302406591,-0.0009481175686597784,time,BNBUSDT/DOGEUSDT
2026-07-21 16:00:00+00:00,47,-0.008151975344565554,-0.009907968443465991,stop,BNBUSDT/DOGEUSDT
2026-07-23 16:00:00+00:00,2,-0.0022396830610915477,-0.003995676159991985,stop,BNBUSDT/DOGEUSDT
2026-08-01 00:00:00+00:00,72,-0.00036249085392590225,-0.002307583581715235,time,BNBUSDT/DOGEUSDT
2026-08-04 01:00:00+00:00,72,-0.003442808044509743,-0.005403213893399557,time,BNBUSDT/DOGEUSDT
2026-08-07 02:00:00+00:00,59,-0.019971721080288714,-0.02193212692917853,stop,BNBUSDT/DOGEUSDT
2026-08-09 22:00:00+00:00,36,-0.0038879613667104885,-0.0058483672156003025,stop,BNBUSDT/DOGEUSDT
2023-06-05 02:00:00+00:00,13,-0.030626431251958654,-0.032196525178100545,stop,BNBUSDT/DOTUSDT
2023-06-15 08:00:00+00:00,72,0.016389347393983067,0.014760515079405068,time,BNBUSDT/DOTUSDT
2023-07-13 23:00:00+00:00,69,0.04423235070742788,0.04221606532398587,revert,BNBUSDT/DOTUSDT
2023-08-16 05:00:00+00:00,19,-0.01731903366191442,-0.018431501507726274,stop,BNBUSDT/DOTUSDT
2023-08-17 03:00:00+00:00,1,-0.0020286280659487198,-0.0031410959117605724,stop,BNBUSDT/DOTUSDT
2023-08-17 05:00:00+00:00,3,-0.003319836520424305,-0.0044323043662361575,stop,BNBUSDT/DOTUSDT
2023-08-17 12:00:00+00:00,1,-0.0027377192379746972,-0.00385018708378655,stop,BNBUSDT/DOTUSDT
2023-08-31 02:00:00+00:00,72,-0.0029052296297926057,-0.004615634888781597,time,BNBUSDT/DOTUSDT
2023-09-03 03:00:00+00:00,72,-0.005827959122497355,-0.0075383643814863465,time,BNBUSDT/DOTUSDT
2023-09-06 04:00:00+00:00,72,0.0013984025409835758,-0.00031200271800541535,time,BNBUSDT/DOTUSDT
2023-09-09 05:00:00+00:00,30,-0.007288849821274022,-0.008999255080263013,stop,BNBUSDT/DOTUSDT
2023-09-10 13:00:00+00:00,1,-0.003544263875392248,-0.005254669134381239,stop,BNBUSDT/DOTUSDT
2023-09-10 18:00:00+00:00,2,-0.0022633279397876608,-0.0039737331987766515,stop,BNBUSDT/DOTUSDT
2023-10-10 09:00:00+00:00,72,0.0016689466449578937,-0.00012778241677424088,time,BNBUSDT/DOTUSDT
2023-10-16 01:00:00+00:00,24,-0.013610793479049423,-0.015456239770909763,stop,BNBUSDT/DOTUSDT
2023-10-17 03:00:00+00:00,23,-0.001449237313620547,-0.0032946836054808877,stop,BNBUSDT/DOTUSDT
2023-10-18 09:00:00+00:00,1,-0.0020053193721847216,-0.0038507656640450623,stop,BNBUSDT/DOTUSDT
2023-10-18 11:00:00+00:00,45,-0.001006622647602179,-0.0028520689394625196,stop,BNBUSDT/DOTUSDT
2023-10-20 10:00:00+00:00,65,-0.005364936380683343,-0.0072103826725436835,stop,BNBUSDT/DOTUSDT
2023-10-23 10:00:00+00:00,12,-0.010835161336542082,-0.012680607628402422,stop,BNBUSDT/DOTUSDT
2025-05-09 13:00:00+00:00,10,-0.0261283792913219,-0.028038106720636276,stop,BNBUSDT/DOTUSDT
2025-01-27 02:00:00+00:00,21,0.029044659613211177,0.027860739432779884,revert,BNBUSDT/ENAUSDT
2025-02-02 16:00:00+00:00,2,-0.020929262217852504,-0.02214147802982433,stop,BNBUSDT/ENAUSDT
2025-02-02 19:00:00+00:00,5,-0.02029843696445308,-0.02151065277642491,stop,BNBUSDT/ENAUSDT
2025-06-26 14:00:00+00:00,72,0.002199018844085106,0.00022828561284658593,time,BNBUSDT/ENAUSDT
2025-07-23 00:00:00+00:00,11,-0.020923698668036072,-0.02287441440899164,stop,BNBUSDT/ENAUSDT
2025-07-23 13:00:00+00:00,24,0.03164179156852984,0.02969107582757427,revert,BNBUSDT/ENAUSDT
2025-07-25 15:00:00+00:00,41,0.01752907309923485,0.016178263281594916,revert,BNBUSDT/ENAUSDT
2025-07-28 01:00:00+00:00,52,0.02049330307193897,0.018541656674272627,revert,BNBUSDT/ENAUSDT
2025-08-01 13:00:00+00:00,72,-0.017247242691056146,-0.01858831689318074,time,BNBUSDT/ENAUSDT
2025-08-04 14:00:00+00:00,72,0.00843906640443158,0.007097992202306985,time,BNBUSDT/ENAUSDT
2025-08-07 15:00:00+00:00,72,-0.02723532153441352,-0.028576395736538116,time,BNBUSDT/ENAUSDT
2025-08-10 16:00:00+00:00,64,0.04718930690019098,0.045848232698066385,revert,BNBUSDT/ENAUSDT
2022-04-08 01:00:00+00:00,9,0.01616381192725243,0.014517098187563091,revert,BNBUSDT/ETHUSDT
2022-04-11 21:00:00+00:00,8,0.015244389263331808,0.013833400154717013,revert,BNBUSDT/ETHUSDT
2022-04-13 05:00:00+00:00,72,0.0028409085898887985,0.0012088121376661255,time,BNBUSDT/ETHUSDT
2022-04-19 07:00:00+00:00,60,0.013266158218122132,0.011624849522425363,revert,BNBUSDT/ETHUSDT
2022-04-25 07:00:00+00:00,72,0.002923671815589819,0.0015335897050180666,time,BNBUSDT/ETHUSDT
2023-08-16 04:00:00+00:00,20,-0.018505749227332932,-0.01966810755482473,stop,BNBUSDT/ETHUSDT
2023-08-17 03:00:00+00:00,1,-0.0015406478398092146,-0.0027030061673010107,stop,BNBUSDT/ETHUSDT
2023-08-17 05:00:00+00:00,3,-0.00308489896437082,-0.0042472572918626165,stop,BNBUSDT/ETHUSDT
2023-08-17 09:00:00+00:00,1,-0.0011896469275702439,-0.00235200525506204,stop,BNBUSDT/ETHUSDT
2023-08-17 11:00:00+00:00,2,-0.0013103441038377558,-0.002472702431329552,stop,BNBUSDT/ETHUSDT
2023-09-26 08:00:00+00:00,40,0.005279818922089831,0.0037262814944363596,revert,BNBUSDT/ETHUSDT
2023-09-29 07:00:00+00:00,72,-0.004174101502928111,-0.005647497156432117,time,BNBUSDT/ETHUSDT
2024-07-24 21:00:00+00:00,8,-0.011260963777258432,-0.012780895342229384,stop,BNBUSDT/ETHUSDT
2024-11-23 07:00:00+00:00,55,0.03216315127856211,0.030375837962531422,revert,BNBUSDT/ETHUSDT
2024-11-26 18:00:00+00:00,31,0.031255122461444254,0.02995669756797955,revert,BNBUSDT/ETHUSDT
2024-12-03 19:00:00+00:00,1,-0.022170834546608717,-0.023918395982900485,stop,BNBUSDT/ETHUSDT
2024-12-03 21:00:00+00:00,1,-0.025856458288719936,-0.027604019725011704,stop,BNBUSDT/ETHUSDT
2025-01-26 22:00:00+00:00,54,0.016093069068197706,0.014806977642540794,revert,BNBUSDT/ETHUSDT
2025-05-09 23:00:00+00:00,61,-0.012523114291039746,-0.014380109887093831,stop,BNBUSDT/ETHUSDT
2025-05-12 13:00:00+00:00,14,0.03785937344959088,0.0360023778535368,revert,BNBUSDT/ETHUSDT
2025-05-21 19:00:00+00:00,52,0.01800280742091813,0.01615566943274624,revert,BNBUSDT/ETHUSDT
2025-07-02 07:00:00+00:00,32,0.01296058256577672,0.011182066282166359,revert,BNBUSDT/ETHUSDT
2026-01-08 15:00:00+00:00,33,0.015878061060388974,0.014576080430753634,revert,BNBUSDT/FETUSDT
2026-01-13 18:00:00+00:00,72,0.0020226607408053614,6.319921363502103e-05,time,BNBUSDT/FETUSDT
2026-01-16 19:00:00+00:00,44,-0.019128438188024125,-0.021087899715194466,stop,BNBUSDT/FETUSDT
2026-01-18 23:00:00+00:00,14,-0.003265407223662028,-0.005224868750832368,stop,BNBUSDT/FETUSDT
2026-01-19 14:00:00+00:00,36,0.03963810634289165,0.037678644815721314,revert,BNBUSDT/FETUSDT
2023-07-13 23:00:00+00:00,69,0.04407559213602383,0.0420626516385554,revert,BNBUSDT/FILUSDT
2023-10-07 23:00:00+00:00,72,0.0055328369383322255,0.004240307171605266,time,BNBUSDT/FILUSDT
2025-02-02 17:00:00+00:00,5,0.013729993307292517,0.012463231245431035,revert,BNBUSDT/FILUSDT
2025-06-22 14:00:00+00:00,28,0.014335949762895667,0.013119351627706225,revert,BNBUSDT/FLOKIUSDT
2026-03-13 12:00:00+00:00,72,-0.014541494578925934,-0.016525973798847567,time,BNBUSDT/FORMUSDT
2026-03-16 13:00:00+00:00,72,0.04064804016420487,0.03866724661409757,time,BNBUSDT/FORMUSDT
2025-01-16 13:00:00+00:00,72,0.005880352975356492,0.004571751982205189,time,BNBUSDT/HBARUSDT
2025-01-26 23:00:00+00:00,72,0.0022792863629657453,0.0012051875096597364,time,BNBUSDT/HBARUSDT
2026-04-08 01:00:00+00:00,24,0.017018176901550133,0.015410331583977838,revert,BNBUSDT/HBARUSDT
2023-06-21 16:00:00+00:00,71,-0.02858854145591718,-0.030302373194698785,stop,BNBUSDT/ICPUSDT
2023-06-24 19:00:00+00:00,3,-0.00044606605931465123,-0.0021675988558746946,stop,BNBUSDT/ICPUSDT
2022-11-26 08:00:00+00:00,45,0.031171542501978823,0.0295004447875719,revert,BNBUSDT/LINKUSDT
2022-11-30 22:00:00+00:00,72,0.0068486603601378565,0.005339609247546247,time,BNBUSDT/LINKUSDT
2023-08-16 04:00:00+00:00,20,-0.02256521229066086,-0.023623351688598592,stop,BNBUSDT/LINKUSDT
2023-08-17 05:00:00+00:00,2,-0.001971795082717615,-0.003029934480655345,stop,BNBUSDT/LINKUSDT
2023-11-04 08:00:00+00:00,40,-0.02553825206818853,-0.0274339668548145,stop,BNBUSDT/LINKUSDT
2023-11-06 01:00:00+00:00,11,-0.005409269922028587,-0.00730498470865456,stop,BNBUSDT/LINKUSDT
2023-10-18 05:00:00+00:00,72,0.010178148151398593,0.008414758409802834,time,BNBUSDT/LTCUSDT
2023-11-18 06:00:00+00:00,66,-0.028963714398552498,-0.03059654449554624,stop,BNBUSDT/LTCUSDT
2023-11-21 11:00:00+00:00,4,-0.015131023118504228,-0.01675015938011079,stop,BNBUSDT/LTCUSDT
2023-11-21 17:00:00+00:00,37,0.03250051677481626,0.030881380513209697,revert,BNBUSDT/LTCUSDT
2024-11-03 10:00:00+00:00,55,0.02039431792084582,0.018987189887863395,revert,BNBUSDT/LTCUSDT
2025-07-02 06:00:00+00:00,21,0.011178471474484879,0.009405259165334579,revert,BNBUSDT/LTCUSDT
2025-07-07 18:00:00+00:00,40,0.009180504811678324,0.0073972969046595775,revert,BNBUSDT/LTCUSDT
2025-07-27 00:00:00+00:00,17,-0.018753354937969802,-0.020506532943980815,stop,BNBUSDT/LTCUSDT
2026-01-05 11:00:00+00:00,72,0.009733878260511013,0.008001185661188669,time,BNBUSDT/LTCUSDT
2026-04-29 09:00:00+00:00,10,0.0124202611487393,0.010724695358325797,revert,BNBUSDT/LTCUSDT
2026-08-01 04:00:00+00:00,15,0.025706751856173427,0.023698962379810326,revert,BNBUSDT/LTCUSDT
2024-04-12 21:00:00+00:00,72,0.03528395628943021,0.03331476356335863,time,BNBUSDT/NEARUSDT
2024-11-26 18:00:00+00:00,30,0.03815768962562835,0.036809323314731086,revert,BNBUSDT/NEARUSDT
2025-02-02 17:00:00+00:00,8,-0.05427541584145875,-0.05566443893663536,stop,BNBUSDT/NEARUSDT
2025-02-03 19:00:00+00:00,1,-0.007797958985096262,-0.009186982080272878,stop,BNBUSDT/NEARUSDT
2025-02-03 21:00:00+00:00,5,-0.0066388781823080115,-0.008027901277484628,stop,BNBUSDT/NEARUSDT
2025-05-09 13:00:00+00:00,10,-0.03252197572589576,-0.03451350180549149,stop,BNBUSDT/NEARUSDT
2025-06-26 16:00:00+00:00,72,0.005483425912719522,0.0035029041049015604,time,BNBUSDT/NEARUSDT
2025-06-30 16:00:00+00:00,72,0.007791370698509653,0.0058053133502096324,time,BNBUSDT/NEARUSDT
2025-05-09 08:00:00+00:00,15,-0.05101528727497024,-0.0530262178920442,stop,BNBUSDT/PENGUUSDT
2025-02-03 00:00:00+00:00,1,-0.03456456039442284,-0.035845298973775336,stop,BNBUSDT/POLUSDT
2025-02-03 19:00:00+00:00,1,-0.008994848805666306,-0.0102755873850188,stop,BNBUSDT/POLUSDT
2025-02-03 21:00:00+00:00,24,-0.04321321519411112,-0.044493953773463615,stop,BNBUSDT/POLUSDT
2025-02-04 22:00:00+00:00,11,-0.0034536078470487623,-0.004779416705001788,stop,BNBUSDT/POLUSDT
2025-02-05 11:00:00+00:00,4,-0.002825097120481478,-0.004150905978434503,stop,BNBUSDT/POLUSDT
2025-02-05 16:00:00+00:00,1,-0.0012076366597137305,-0.0025334455176667554,stop,BNBUSDT/POLUSDT
2025-02-05 19:00:00+00:00,66,0.04301449106275404,0.041688682204801014,revert,BNBUSDT/POLUSDT
2025-02-08 18:00:00+00:00,14,-0.01939089145033311,-0.021174914606169343,stop,BNBUSDT/POLUSDT
2025-02-09 09:00:00+00:00,29,0.03473277872978842,0.03294875557395219,revert,BNBUSDT/POLUSDT
2025-03-13 13:00:00+00:00,72,-0.01958394174967474,-0.021319035520283594,time,BNBUSDT/POLUSDT
2025-03-16 14:00:00+00:00,12,-0.02158908171519067,-0.023324175485799525,stop,BNBUSDT/POLUSDT
2024-04-12 05:00:00+00:00,72,0.01935983214413168,0.01714111018900224,time,BNBUSDT/SHIBUSDT
2024-11-23 08:00:00+00:00,72,0.03654744219168683,0.034397059309212406,time,BNBUSDT/SHIBUSDT
2024-12-03 20:00:00+00:00,4,-0.038216779280568255,-0.0403945803776088,stop,BNBUSDT/SHIBUSDT
2024-12-04 16:00:00+00:00,72,-0.0012796510014567025,-0.0034574520984972453,time,BNBUSDT/SHIBUSDT
2024-12-07 19:00:00+00:00,72,0.04855032881504148,0.04637252771800094,time,BNBUSDT/SHIBUSDT
2022-03-31 11:00:00+00:00,5,-0.019516112319156863,-0.020929361949460455,stop,BNBUSDT/SOLUSDT
2022-03-31 17:00:00+00:00,9,-0.009847771459453416,-0.01126102108975701,stop,BNBUSDT/SOLUSDT
2022-04-01 09:00:00+00:00,4,-0.003569169667298775,-0.004982419297602368,stop,BNBUSDT/SOLUSDT
2022-04-01 16:00:00+00:00,1,-0.0009736767195503105,-0.0023869263498539042,stop,BNBUSDT/SOLUSDT
2022-04-01 18:00:00+00:00,1,-0.0038930933608714298,-0.0053063429911750235,stop,BNBUSDT/SOLUSDT
2022-04-01 23:00:00+00:00,12,-0.006670945405816543,-0.008084195036120137,stop,BNBUSDT/SOLUSDT
2023-04-12 07:00:00+00:00,72,0.012961429502693658,0.011521693062455263,time,BNBUSDT/SOLUSDT
2023-07-13 23:00:00+00:00,68,0.04576059832586412,0.043733656473625857,revert,BNBUSDT/SOLUSDT
2023-12-21 14:00:00+00:00,59,0.05966944003988128,0.057782141725996126,revert,BNBUSDT/SOLUSDT
2025-05-08 23:00:00+00:00,24,-0.04082824930653001,-0.04272561038507688,stop,BNBUSDT/SOLUSDT
2025-05-21 17:00:00+00:00,39,0.014949807608803826,0.013188621511777372,revert,BNBUSDT/SOLUSDT
2025-05-27 13:00:00+00:00,72,-0.015067971812676273,-0.016799059321123178,time,BNBUSDT/SOLUSDT
2025-05-30 14:00:00+00:00,21,-0.00406874737005042,-0.005796158683499036,stop,BNBUSDT/SOLUSDT
2025-05-31 12:00:00+00:00,21,-0.0019228150186967451,-0.0036502263321453615,stop,BNBUSDT/SOLUSDT
2025-06-01 10:00:00+00:00,2,-0.0012776867730894203,-0.0030050980865380366,stop,BNBUSDT/SOLUSDT
2025-06-01 13:00:00+00:00,24,-0.002771288766037486,-0.004498700079486102,stop,BNBUSDT/SOLUSDT
2025-07-21 00:00:00+00:00,15,0.01819817245142686,0.01647044652441718,revert,BNBUSDT/SOLUSDT
2025-07-22 03:00:00+00:00,72,0.03891519978118729,0.03744639513595674,time,BNBUSDT/SOLUSDT
2025-07-25 04:00:00+00:00,44,-0.013226860396536958,-0.014941562240032872,stop,BNBUSDT/SOLUSDT
2025-07-27 01:00:00+00:00,14,-0.014387907268129482,-0.016102609111625397,stop,BNBUSDT/SOLUSDT
2025-09-13 09:00:00+00:00,72,0.0006961987057569792,-0.001156760097588274,time,BNBUSDT/SOLUSDT
2025-09-16 13:00:00+00:00,33,-0.04342906538149936,-0.045282024184844616,stop,BNBUSDT/SOLUSDT
2026-01-12 03:00:00+00:00,21,0.009286813036137282,0.007812612475411066,revert,BNBUSDT/SOLUSDT
2026-01-17 15:00:00+00:00,58,-0.012475543024944542,-0.014194617580330495,stop,BNBUSDT/SOLUSDT
2026-01-20 02:00:00+00:00,5,-0.002108202098853874,-0.003824727944459882,stop,BNBUSDT/SOLUSDT
2026-01-20 13:00:00+00:00,2,-0.0011254249715541712,-0.002841950817160179,stop,BNBUSDT/SOLUSDT
2026-01-20 16:00:00+00:00,72,0.004681251184615933,0.002964725339009925,time,BNBUSDT/SOLUSDT
2026-01-23 17:00:00+00:00,54,-0.005631011541760315,-0.007347537387366323,stop,BNBUSDT/SOLUSDT
2026-08-01 02:00:00+00:00,22,0.02536330683627589,0.023370715901348364,revert,BNBUSDT/SOLUSDT
2023-08-16 04:00:00+00:00,20,-0.021785960840187378,-0.022844141064610867,stop,BNBUSDT/SUIUSDT
2023-08-17 03:00:00+00:00,1,-0.0017007319916338632,-0.002758912216057354,stop,BNBUSDT/SUIUSDT
2023-08-17 05:00:00+00:00,2,-0.002089205901565026,-0.0031473861259885168,stop,BNBUSDT/SUIUSDT
2023-08-17 12:00:00+00:00,1,-0.002898149845458006,-0.0039563300698814965,stop,BNBUSDT/SUIUSDT
2025-02-02 16:00:00+00:00,8,-0.02450902773431511,-0.025740059258701764,stop,BNBUSDT/SUIUSDT
2025-05-09 06:00:00+00:00,17,-0.05481245480317936,-0.0568016795005471,stop,BNBUSDT/SUIUSDT
2025-05-23 00:00:00+00:00,72,-0.001800419523337992,-0.0035862935011383634,time,BNBUSDT/SUIUSDT
2025-05-26 01:00:00+00:00,72,-0.01654275431911711,-0.018328628296917483,time,BNBUSDT/SUIUSDT
2025-05-29 02:00:00+00:00,72,0.0002958967953727021,-0.001489977182427669,time,BNBUSDT/SUIUSDT
2025-06-01 03:00:00+00:00,72,-0.013023350718746557,-0.014809224696546927,time,BNBUSDT/SUIUSDT
2025-06-04 04:00:00+00:00,72,0.022252135476856196,0.020466261499055824,time,BNBUSDT/SUIUSDT
2025-06-07 05:00:00+00:00,72,-0.005959859756473665,-0.007745733734274036,time,BNBUSDT/SUIUSDT
2025-06-10 06:00:00+00:00,72,-0.021091633121315408,-0.02287750709911578,time,BNBUSDT/SUIUSDT
2025-06-13 07:00:00+00:00,72,0.00983811116266928,0.008052237184868909,time,BNBUSDT/SUIUSDT
2025-06-16 08:00:00+00:00,24,-0.01547473655816574,-0.01726061053596611,stop,BNBUSDT/SUIUSDT
2025-06-17 10:00:00+00:00,1,-0.0014279516921423734,-0.0032138256699427445,stop,BNBUSDT/SUIUSDT
2025-06-17 15:00:00+00:00,5,-0.0018196973142179565,-0.0036055712920183276,stop,BNBUSDT/SUIUSDT
2025-12-31 10:00:00+00:00,39,0.009324522099302113,0.0075449944235384345,revert,BNBUSDT/SUIUSDT
2026-01-03 00:00:00+00:00,54,0.00756935811454133,0.006197779010735831,revert,BNBUSDT/SUIUSDT
2026-01-05 20:00:00+00:00,9,-0.01606024524690155,-0.017397434510075183,stop,BNBUSDT/SUIUSDT
2026-01-06 07:00:00+00:00,72,0.011734052273884622,0.010396863010710987,time,BNBUSDT/SUIUSDT
2026-01-13 18:00:00+00:00,72,-0.0006753203663653505,-0.002540182039907899,time,BNBUSDT/SUIUSDT
2026-01-16 19:00:00+00:00,20,-0.015593666894551416,-0.017458528568093965,stop,BNBUSDT/SUIUSDT
2026-04-02 02:00:00+00:00,8,-0.014200611703214124,-0.01562613370075565,stop,BNBUSDT/SUIUSDT
2026-05-13 09:00:00+00:00,72,0.014387551415777116,0.012492148335332433,time,BNBUSDT/SUIUSDT
2026-07-01 09:00:00+00:00,72,-0.0020034384819619284,-0.003520874885302788,time,BNBUSDT/SUIUSDT
2026-07-04 10:00:00+00:00,72,0.014982782686568902,0.013465346283228043,time,BNBUSDT/SUIUSDT
2026-08-01 04:00:00+00:00,19,0.027288772333799942,0.025270708899252363,revert,BNBUSDT/SUIUSDT
2026-01-05 10:00:00+00:00,68,0.028590902024653652,0.026613501512729294,revert,BNBUSDT/TAOUSDT
2026-01-15 08:00:00+00:00,72,-0.010386331751257517,-0.012335289125527386,time,BNBUSDT/TAOUSDT
2026-01-18 09:00:00+00:00,72,0.03216844844678346,0.03021949107251359,time,BNBUSDT/TAOUSDT
2025-02-03 01:00:00+00:00,2,-0.005850033917794716,-0.007371102772134382,stop,BNBUSDT/TONUSDT
2025-02-03 05:00:00+00:00,1,-0.007191153088917267,-0.008712221943256934,stop,BNBUSDT/TONUSDT
2025-02-03 07:00:00+00:00,1,-0.004631442071020989,-0.006152510925360654,stop,BNBUSDT/TONUSDT
2025-02-03 15:00:00+00:00,10,0.027064007399963574,0.02554293854562391,revert,BNBUSDT/TONUSDT
2025-02-04 19:00:00+00:00,41,0.014113202597161952,0.012533649036989513,revert,BNBUSDT/TONUSDT
2025-02-08 13:00:00+00:00,4,-0.01884207610836155,-0.02074290497241582,stop,BNBUSDT/TONUSDT
2025-03-29 17:00:00+00:00,72,-0.008117233338970867,-0.009563602306826346,time,BNBUSDT/TONUSDT
2025-04-01 18:00:00+00:00,72,0.026155679917632842,0.024709310949777363,time,BNBUSDT/TONUSDT
2026-05-13 01:00:00+00:00,72,0.002595937478016218,0.0005813281632824152,time,BNBUSDT/TONUSDT
2026-05-16 02:00:00+00:00,48,0.032838291142990396,0.030823681828256594,revert,BNBUSDT/TONUSDT
2024-12-20 11:00:00+00:00,6,0.04446894104374573,0.042824063624907316,revert,BNBUSDT/TRXUSDT
2024-12-22 19:00:00+00:00,17,0.03488460218783764,0.03326415852329641,revert,BNBUSDT/TRXUSDT
2024-12-28 16:00:00+00:00,28,0.0330880662609055,0.030913326530897664,revert,BNBUSDT/TRXUSDT
2025-01-06 20:00:00+00:00,23,0.029680540708009163,0.027484047008259314,revert,BNBUSDT/TRXUSDT
2025-05-21 19:00:00+00:00,72,0.0023510910151517553,1.7568634770531635e-05,time,BNBUSDT/TRXUSDT
2026-01-17 22:00:00+00:00,59,0.008041106428418758,0.005598782586181824,revert,BNBUSDT/TRXUSDT
2026-01-21 16:00:00+00:00,49,0.014360577543611372,0.012014558952609476,revert,BNBUSDT/TRXUSDT
2026-07-24 13:00:00+00:00,57,0.013188677865658494,0.010876940356455606,revert,BNBUSDT/TRXUSDT
2026-07-30 15:00:00+00:00,48,0.013019899580067135,0.010709821382762571,revert,BNBUSDT/TRXUSDT
2026-08-25 18:00:00+00:00,19,-0.01251681790709075,-0.01504958293818241,stop,BNBUSDT/TRXUSDT
2026-08-26 14:00:00+00:00,9,-0.001606495751088234,-0.004139260782179895,stop,BNBUSDT/TRXUSDT
2023-06-12 18:00:00+00:00,31,0.02491977631798705,0.02320297730260808,revert,BNBUSDT/UNIUSDT
2023-06-14 16:00:00+00:00,72,-0.0007173364863146143,-0.002457398615329842,time,BNBUSDT/UNIUSDT
2023-06-17 17:00:00+00:00,72,-0.0011641062338039727,-0.0029041683628192004,time,BNBUSDT/UNIUSDT
2023-06-20 18:00:00+00:00,30,-0.020171627324251706,-0.021911689453266936,stop,BNBUSDT/UNIUSDT
2023-06-22 02:00:00+00:00,5,-0.0012701902000176474,-0.0030102523290328753,stop,BNBUSDT/UNIUSDT
2023-06-22 08:00:00+00:00,4,-0.0042148683274143214,-0.005954930456429549,stop,BNBUSDT/UNIUSDT
2023-08-16 05:00:00+00:00,34,-0.0277991788204181,-0.02896698433223653,stop,BNBUSDT/UNIUSDT
2023-10-01 09:00:00+00:00,16,0.007266549402131589,0.00580514893158634,revert,BNBUSDT/UNIUSDT
2023-10-16 07:00:00+00:00,29,-0.01269614631688313,-0.014497689375255753,stop,BNBUSDT/UNIUSDT
2025-07-21 03:00:00+00:00,45,-0.03274031026295043,-0.034599997955487835,stop,BNBUSDT/UNIUSDT
2025-07-23 16:00:00+00:00,1,-0.004903088974112482,-0.006762776666649888,stop,BNBUSDT/UNIUSDT
2025-07-23 20:00:00+00:00,3,-0.008996850781425642,-0.010856538473963048,stop,BNBUSDT/UNIUSDT
2025-12-03 23:00:00+00:00,72,-0.007777530032961298,-0.00962606924994024,time,BNBUSDT/VIRTUALUSDT
2026-01-01 01:00:00+00:00,48,0.02984363376084256,0.027939520410237065,revert,BNBUSDT/VIRTUALUSDT
2026-01-13 18:00:00+00:00,72,0.0028442382139938502,0.0009011685465737376,time,BNBUSDT/VIRTUALUSDT
2026-01-16 19:00:00+00:00,20,-0.02259792924173326,-0.024540998909153372,stop,BNBUSDT/VIRTUALUSDT
2026-01-17 22:00:00+00:00,4,-0.0020279193651934215,-0.0039709890326135346,stop,BNBUSDT/VIRTUALUSDT
2026-01-18 07:00:00+00:00,1,-0.0013548070250698878,-0.00329787669249,stop,BNBUSDT/VIRTUALUSDT
2026-01-18 10:00:00+00:00,1,-0.0019219463353173614,-0.003865016002737474,stop,BNBUSDT/VIRTUALUSDT
2026-01-18 23:00:00+00:00,51,0.04518823981447158,0.04324517014705147,revert,BNBUSDT/VIRTUALUSDT
2025-01-26 23:00:00+00:00,72,0.0016287820537210147,0.0005402845989416979,time,BNBUSDT/XLMUSDT
2026-01-01 00:00:00+00:00,72,0.016707018809825308,0.014587949627800996,time,BNBUSDT/XLMUSDT
2022-08-03 15:00:00+00:00,28,-0.026563841825080287,-0.028194884319708218,stop,BNBUSDT/XRPUSDT
2022-08-04 21:00:00+00:00,10,-0.0015754082466795851,-0.0032064507413075176,stop,BNBUSDT/XRPUSDT
2022-08-05 11:00:00+00:00,1,-0.002964147731416702,-0.004595190226044634,stop,BNBUSDT/XRPUSDT
2022-08-05 21:00:00+00:00,20,-0.006469215894533183,-0.008100258389161116,stop,BNBUSDT/XRPUSDT
2023-03-07 14:00:00+00:00,23,-0.02862882265057655,-0.03037351146143326,stop,BNBUSDT/XRPUSDT
2023-03-08 14:00:00+00:00,5,-0.0038384926056929465,-0.005588063902451211,stop,BNBUSDT/XRPUSDT
2023-03-08 21:00:00+00:00,3,-0.005333224706387658,-0.0070827960031459225,stop,BNBUSDT/XRPUSDT
2023-03-09 01:00:00+00:00,8,-0.006595278101312587,-0.008344849398070852,stop,BNBUSDT/XRPUSDT
2023-03-09 11:00:00+00:00,1,-0.004371702678454139,-0.006121273975212404,stop,BNBUSDT/XRPUSDT
2023-03-09 14:00:00+00:00,72,0.0353578137921749,0.033608242495416635,revert,BNBUSDT/XRPUSDT
2023-08-16 04:00:00+00:00,20,-0.022838597510997163,-0.0238932198059757,stop,BNBUSDT/XRPUSDT
2023-08-17 05:00:00+00:00,2,-0.0020487686988291173,-0.0031033909938076544,stop,BNBUSDT/XRPUSDT
2023-09-22 04:00:00+00:00,72,-0.0004906297728802791,-0.0019253062533546722,time,BNBUSDT/XRPUSDT
2023-09-25 05:00:00+00:00,48,0.014785565860935325,0.013350889380460931,revert,BNBUSDT/XRPUSDT
2023-11-15 12:00:00+00:00,72,0.003127652507354726,0.0013332209133804353,time,BNBUSDT/XRPUSDT
2023-11-18 15:00:00+00:00,50,-0.037222104890240665,-0.03901653648421496,stop,BNBUSDT/XRPUSDT
2023-11-20 20:00:00+00:00,4,-0.012629915098414164,-0.014424346692388455,stop,BNBUSDT/XRPUSDT
2023-11-21 17:00:00+00:00,7,0.03261885023457001,0.030824418640595718,revert,BNBUSDT/XRPUSDT
2024-08-03 07:00:00+00:00,34,-0.0363227274183555,-0.03771071603130817,stop,BNBUSDT/XRPUSDT
2024-08-04 18:00:00+00:00,6,-0.021155430629904888,-0.022543419242857556,stop,BNBUSDT/XRPUSDT
2025-07-09 11:00:00+00:00,37,0.008366052095979005,0.006931786344863281,revert,BNBUSDT/XRPUSDT
2025-07-11 12:00:00+00:00,7,-0.012755246000508369,-0.014153551786881128,stop,BNBUSDT/XRPUSDT
2025-07-11 20:00:00+00:00,59,-0.004946460287567098,-0.006344766073939858,revert,BNBUSDT/XRPUSDT
2025-07-14 15:00:00+00:00,57,0.01913101847677036,0.017805256339724726,revert,BNBUSDT/XRPUSDT
2025-07-17 18:00:00+00:00,13,0.014955610262574186,0.013629848125528551,revert,BNBUSDT/XRPUSDT
2025-07-20 16:00:00+00:00,18,-0.020285611858884747,-0.022169218426855396,stop,BNBUSDT/XRPUSDT
2025-07-21 11:00:00+00:00,33,-0.008137820662147997,-0.010021427230118648,stop,BNBUSDT/XRPUSDT
2026-05-06 11:00:00+00:00,20,-0.008191417217286412,-0.009928740293662617,stop,BNBUSDT/XRPUSDT
2026-05-07 22:00:00+00:00,5,-0.003476557074005617,-0.005213880150381822,stop,BNBUSDT/XRPUSDT
2026-05-08 05:00:00+00:00,9,-0.0010699641038815527,-0.002807287180257758,stop,BNBUSDT/XRPUSDT
2026-05-08 17:00:00+00:00,5,-0.0011000138436831684,-0.0028373369200593735,stop,BNBUSDT/XRPUSDT
2026-05-08 23:00:00+00:00,2,-0.000490004831744043,-0.002227327908120248,stop,BNBUSDT/XRPUSDT
2026-05-09 05:00:00+00:00,16,-0.001533850127939946,-0.0032711732043161513,stop,BNBUSDT/XRPUSDT
2026-05-09 22:00:00+00:00,48,-0.002290255636584337,-0.004027578712960542,stop,BNBUSDT/XRPUSDT
2026-08-01 04:00:00+00:00,15,0.02680299151794259,0.024775988270437928,revert,BNBUSDT/ZECUSDT
2025-05-23 10:00:00+00:00,72,0.02577649985067143,0.02369645335836784,time,BONKUSDT/SUIUSDT
2025-05-28 08:00:00+00:00,53,-0.05233632133612527,-0.054615593577255574,stop,BONKUSDT/UNIUSDT
2025-05-30 14:00:00+00:00,1,-0.0030340083357948623,-0.005313280576925165,stop,BONKUSDT/UNIUSDT
2025-05-30 18:00:00+00:00,1,-0.004918990438476669,-0.007198262679606972,stop,BONKUSDT/UNIUSDT
2021-12-17 18:00:00+00:00,17,-0.07023648819797282,-0.07162006777560065,stop,BTCUSDT/CFXUSDT
2021-12-18 12:00:00+00:00,1,-0.0060130146319008855,-0.007395422607455186,stop,BTCUSDT/CFXUSDT
2021-12-18 14:00:00+00:00,2,-0.02496037891157639,-0.02634278688713069,stop,BTCUSDT/CFXUSDT
2021-12-18 17:00:00+00:00,59,0.062031557420673206,0.060649149445118906,revert,BTCUSDT/CFXUSDT
2023-03-23 15:00:00+00:00,72,-0.00703854652871495,-0.008849624682354,time,BTCUSDT/CFXUSDT
2023-03-26 16:00:00+00:00,72,0.017954715873538397,0.016147835705025124,time,BTCUSDT/CFXUSDT
2023-06-05 18:00:00+00:00,25,0.05637634133690349,0.05535645683257206,revert,BTCUSDT/CFXUSDT
2023-01-31 07:00:00+00:00,32,0.0358457945136467,0.03412932887445748,revert,BTCUSDT/DOGEUSDT
2024-02-27 09:00:00+00:00,4,-0.014428223209810492,-0.016244252207160158,stop,BTCUSDT/DOGEUSDT
2024-02-27 14:00:00+00:00,5,-0.015394025330737745,-0.01721005432808741,stop,BTCUSDT/DOGEUSDT
2024-11-15 21:00:00+00:00,72,0.002890972948965014,0.0010611119796346533,time,BTCUSDT/DOGEUSDT
2024-11-20 13:00:00+00:00,20,-0.031306144537493585,-0.03312357053369979,stop,BTCUSDT/DOGEUSDT
2024-11-21 12:00:00+00:00,5,-0.0028243562106937724,-0.004641782206899975,stop,BTCUSDT/DOGEUSDT
2025-02-25 07:00:00+00:00,10,-0.020437658294725065,-0.021664903403094328,stop,BTCUSDT/DOGEUSDT
2025-02-25 19:00:00+00:00,18,-0.004006644081678577,-0.0052338891900478406,stop,BTCUSDT/DOGEUSDT
2025-02-26 14:00:00+00:00,1,-0.001917124792718845,-0.003144369901088108,stop,BTCUSDT/DOGEUSDT
2025-04-02 16:00:00+00:00,7,0.0238871015957223,0.022097470046778363,revert,BTCUSDT/DOGEUSDT
2025-04-11 19:00:00+00:00,72,-0.008798752242517135,-0.01056358450078041,time,BTCUSDT/DOGEUSDT
2025-04-14 20:00:00+00:00,72,-0.0067068241568773845,-0.008475497660659265,time,BTCUSDT/DOGEUSDT
2025-04-17 21:00:00+00:00,72,-0.0016491773470772954,-0.0034178508508591774,time,BTCUSDT/DOGEUSDT
2025-04-20 22:00:00+00:00,2,-0.006802831220458936,-0.008571504724240817,stop,BTCUSDT/DOGEUSDT
2025-04-21 11:00:00+00:00,1,-0.0014672077410320839,-0.0032358812448139655,stop,BTCUSDT/DOGEUSDT
2026-02-14 14:00:00+00:00,4,-0.01771791546474727,-0.019282072222864027,stop,BTCUSDT/DOGEUSDT
2023-06-06 23:00:00+00:00,72,-0.006692364103948497,-0.008387122122985691,time,BTCUSDT/DOTUSDT
2023-07-21 00:00:00+00:00,72,0.006802711460747433,0.005566544623703419,time,BTCUSDT/DOTUSDT
2023-07-24 09:00:00+00:00,72,0.010140800416451445,0.009060624032453989,time,BTCUSDT/DOTUSDT
2023-07-27 10:00:00+00:00,72,-0.00573691385595117,-0.006817090239948626,time,BTCUSDT/DOTUSDT
2023-07-30 11:00:00+00:00,72,0.008661942719082653,0.007581766335085198,time,BTCUSDT/DOTUSDT
2023-08-02 12:00:00+00:00,72,-0.012272227907501371,-0.013352404291498827,time,BTCUSDT/DOTUSDT
2023-08-05 13:00:00+00:00,72,0.010302320760659123,0.009222144376661667,time,BTCUSDT/DOTUSDT
2023-11-23 08:00:00+00:00,72,0.0016487117408638743,-0.00020471049988913235,time,BTCUSDT/DOTUSDT
2025-01-17 05:00:00+00:00,72,-0.02123351395960662,-0.023185236178926434,time,BTCUSDT/ENAUSDT
2025-01-20 15:00:00+00:00,72,-0.014921660295608631,-0.016873382514928446,time,BTCUSDT/ENAUSDT
2025-01-23 16:00:00+00:00,1,-0.00588053055375115,-0.007832252773070966,stop,BTCUSDT/ENAUSDT
2025-01-23 19:00:00+00:00,72,-0.009445238749513528,-0.011396960968833343,time,BTCUSDT/ENAUSDT
2025-01-26 20:00:00+00:00,71,-0.004366338088434726,-0.006318060307754541,stop,BTCUSDT/ENAUSDT
2022-02-02 23:00:00+00:00,40,0.019405813682176542,0.01804304422963869,revert,BTCUSDT/ETHUSDT
2022-11-05 03:00:00+00:00,54,0.013252207153338573,0.011510283187782699,revert,BTCUSDT/ETHUSDT
2022-11-08 04:00:00+00:00,14,-0.01573130676738634,-0.01701057662063559,stop,BTCUSDT/ETHUSDT
2022-11-08 21:00:00+00:00,1,-0.005629266483419252,-0.006908536336668505,stop,BTCUSDT/ETHUSDT
2022-12-13 09:00:00+00:00,33,-0.016154509798011887,-0.017828326461831183,stop,BTCUSDT/ETHUSDT
2022-12-14 19:00:00+00:00,72,0.006964100600246874,0.005300324073453584,time,BTCUSDT/ETHUSDT
2023-03-12 17:00:00+00:00,22,0.017604791644714568,0.016061005071145933,revert,BTCUSDT/ETHUSDT
2023-03-15 13:00:00+00:00,72,-0.00033512834839008465,-0.001796845834927045,time,BTCUSDT/ETHUSDT
2023-03-18 15:00:00+00:00,32,-0.01389477119834846,-0.015346141003589778,stop,BTCUSDT/ETHUSDT
2023-04-04 12:00:00+00:00,72,0.00015979946136451123,-0.0014537975233253088,time,BTCUSDT/ETHUSDT
2023-04-07 13:00:00+00:00,72,0.005953415797477659,0.004339818812787838,time,BTCUSDT/ETHUSDT
2023-08-29 16:00:00+00:00,51,0.008250715610930572,0.0067654290547765165,revert,BTCUSDT/ETHUSDT
2023-09-11 08:00:00+00:00,11,-0.007121808176698403,-0.00860919534420287,stop,BTCUSDT/ETHUSDT
2023-09-11 23:00:00+00:00,4,-0.0012109011780543216,-0.002698288345558788,stop,BTCUSDT/ETHUSDT
2023-09-12 10:00:00+00:00,3,-0.003722727579459249,-0.005210114746963715,stop,BTCUSDT/ETHUSDT
2023-09-12 22:00:00+00:00,5,-0.0006792381915985155,-0.002166625359102982,stop,BTCUSDT/ETHUSDT
2025-04-10 09:00:00+00:00,64,-0.027297988744157977,-0.029047737191732797,stop,BTCUSDT/ETHUSDT
2025-04-13 02:00:00+00:00,1,-0.0012849800845247243,-0.003044731034285361,stop,BTCUSDT/ETHUSDT
2025-04-13 04:00:00+00:00,51,-0.004415091427894916,-0.0061748423776555525,stop,BTCUSDT/ETHUSDT
2025-04-15 14:00:00+00:00,25,-0.0018005672957824843,-0.0035603182455431212,stop,BTCUSDT/ETHUSDT
2025-04-16 17:00:00+00:00,24,-0.006525070456436887,-0.008284821406197525,stop,BTCUSDT/ETHUSDT
2025-04-17 18:00:00+00:00,1,-0.002482896384434463,-0.0042426473341951,stop,BTCUSDT/ETHUSDT
2025-05-08 13:00:00+00:00,6,-0.024960632627441273,-0.026457059915111387,stop,BTCUSDT/ETHUSDT
2025-12-04 00:00:00+00:00,72,0.0017455668196541124,0.00027085976629801184,time,BTCUSDT/ETHUSDT
2025-12-07 19:00:00+00:00,46,-0.02082918773834949,-0.02230071463762439,stop,BTCUSDT/ETHUSDT
2025-12-09 21:00:00+00:00,1,-0.0023570374739315184,-0.0038285643732064163,stop,BTCUSDT/ETHUSDT
2026-01-05 00:00:00+00:00,48,0.007079348757452905,0.005404163497713888,revert,BTCUSDT/ETHUSDT
2026-01-14 15:00:00+00:00,72,0.005654219632361394,0.00404100249022297,revert,BTCUSDT/ETHUSDT
2022-01-04 17:00:00+00:00,25,-0.042596160198748706,-0.04393564316223716,stop,BTCUSDT/FETUSDT
2023-02-05 14:00:00+00:00,35,-0.08331917367333153,-0.08478908095038698,stop,BTCUSDT/FETUSDT
2026-01-08 15:00:00+00:00,72,0.0035403152451284597,0.0022967155340695056,time,BTCUSDT/FETUSDT
2026-01-13 20:00:00+00:00,23,-0.023877880921044262,-0.025823934427501374,stop,BTCUSDT/FETUSDT
2021-11-26 09:00:00+00:00,17,-0.03695162702167053,-0.03830316759424671,stop,BTCUSDT/FILUSDT
2021-11-27 03:00:00+00:00,11,-0.008543314104287221,-0.00989485467686341,stop,BTCUSDT/FILUSDT
2021-11-27 15:00:00+00:00,72,0.05372216621966509,0.05237062564708891,time,BTCUSDT/FILUSDT
2023-07-24 09:00:00+00:00,72,0.012281416475735281,0.011268571674113626,time,BTCUSDT/FILUSDT
2023-07-27 10:00:00+00:00,72,-0.006794632989177752,-0.007807477790799407,time,BTCUSDT/FILUSDT
2023-07-30 11:00:00+00:00,72,0.008772236449390397,0.007759391647768742,time,BTCUSDT/FILUSDT
2023-08-02 12:00:00+00:00,72,-0.01458663699802992,-0.015599481799651574,time,BTCUSDT/FILUSDT
2023-08-05 13:00:00+00:00,72,0.011278373820469567,0.010265529018847912,time,BTCUSDT/FILUSDT
2023-08-08 14:00:00+00:00,72,0.0018057380875647327,0.0007928932859430772,time,BTCUSDT/FILUSDT
2023-08-11 15:00:00+00:00,72,0.006865864224277445,0.00585301942265579,time,BTCUSDT/FILUSDT
2023-08-14 17:00:00+00:00,55,-0.0292744880260424,-0.030287332827664055,stop,BTCUSDT/FILUSDT
2023-08-17 01:00:00+00:00,1,-0.0017418326553950351,-0.0027546774570166906,stop,BTCUSDT/FILUSDT
2023-08-17 03:00:00+00:00,5,-0.0035742392116744847,-0.00458708401329614,stop,BTCUSDT/FILUSDT
2024-06-11 19:00:00+00:00,72,-0.020090109142775023,-0.0216508586954499,time,BTCUSDT/FILUSDT
2024-06-18 01:00:00+00:00,72,0.0045636659524711685,0.00279204912637319,time,BTCUSDT/FILUSDT
2024-06-24 09:00:00+00:00,7,-0.022700747257929307,-0.023862834770425643,stop,BTCUSDT/FLOKIUSDT
2024-07-25 20:00:00+00:00,72,-0.021251681791969013,-0.02304890887627484,time,BTCUSDT/FLOKIUSDT
2024-07-28 21:00:00+00:00,72,0.01369663084824441,0.011901451926744286,time,BTCUSDT/FLOKIUSDT
2024-07-31 22:00:00+00:00,22,-0.018788236176869692,-0.020583415098369817,stop,BTCUSDT/FLOKIUSDT
2024-08-01 22:00:00+00:00,8,-0.00576067122384846,-0.007555850145348584,stop,BTCUSDT/FLOKIUSDT
2024-08-02 10:00:00+00:00,1,-0.0014889169900931703,-0.0032840959115932942,stop,BTCUSDT/FLOKIUSDT
2024-08-02 13:00:00+00:00,27,0.0011465276556421947,-0.0006486512658579293,stop,BTCUSDT/FLOKIUSDT
2025-01-20 06:00:00+00:00,18,0.03628474349961895,0.034456789213906804,revert,BTCUSDT/HBARUSDT
2025-01-21 17:00:00+00:00,72,-0.005226426091204735,-0.0070369349208257055,time,BTCUSDT/HBARUSDT
2026-04-08 08:00:00+00:00,72,-0.020435508620285803,-0.0221273870136304,time,BTCUSDT/HBARUSDT
2026-04-11 09:00:00+00:00,8,-0.001648750681555029,-0.0033406290748996246,stop,BTCUSDT/HBARUSDT
2026-04-11 19:00:00+00:00,3,-0.00216931657097343,-0.0038611949643180257,stop,BTCUSDT/HBARUSDT
2026-04-11 23:00:00+00:00,39,-0.0042230393491842965,-0.005914917742528892,stop,BTCUSDT/HBARUSDT
2023-02-16 00:00:00+00:00,24,0.028990732487810242,0.027227623368352678,revert,BTCUSDT/ICPUSDT
2023-02-17 03:00:00+00:00,12,-0.026070275167353118,-0.027570297682771812,stop,BTCUSDT/ICPUSDT
2023-02-17 20:00:00+00:00,5,-0.009884385134186192,-0.011384407649604888,stop,BTCUSDT/ICPUSDT
2023-02-18 04:00:00+00:00,1,-0.0014460641735394332,-0.002946086688958128,stop,BTCUSDT/ICPUSDT
2023-02-18 07:00:00+00:00,54,0.015493207689227384,0.013993185173808688,revert,BTCUSDT/ICPUSDT
2023-05-28 21:00:00+00:00,72,0.000730016478293901,-0.001079680477995822,time,BTCUSDT/ICPUSDT
2023-05-31 22:00:00+00:00,72,0.01122606817289383,0.009416371216604108,time,BTCUSDT/ICPUSDT
2023-02-09 07:00:00+00:00,15,0.02757420746817729,0.025868572350686993,revert,BTCUSDT/LINKUSDT
2023-04-12 00:00:00+00:00,52,0.031265384940194554,0.029736349729889245,revert,BTCUSDT/LINKUSDT
2023-07-20 09:00:00+00:00,72,-0.00975610438087738,-0.010948359800408997,time,BTCUSDT/LINKUSDT
2024-01-02 08:00:00+00:00,30,0.04563890962742409,0.043762299126330444,revert,BTCUSDT/LINKUSDT
2024-04-02 11:00:00+00:00,72,0.026115659711281942,0.024759480353017026,time,BTCUSDT/LTCUSDT
2026-01-05 02:00:00+00:00,72,0.01262865159796547,0.010878752773248592,revert,BTCUSDT/LTCUSDT
2026-01-11 23:00:00+00:00,17,-0.01692844140203392,-0.01864047390915417,stop,BTCUSDT/LTCUSDT
2026-01-12 17:00:00+00:00,1,-0.0031845938895155037,-0.004896626396635755,stop,BTCUSDT/LTCUSDT
2026-01-12 21:00:00+00:00,1,-0.0027451002659813614,-0.004457132773101613,stop,BTCUSDT/LTCUSDT
2026-05-03 10:00:00+00:00,69,0.017302155384605507,0.015824131415111038,revert,BTCUSDT/LTCUSDT
2022-08-05 10:00:00+00:00,7,-0.02686754310726888,-0.028446351753532072,stop,BTCUSDT/NEARUSDT
2022-08-05 18:00:00+00:00,72,0.009735251816830357,0.008156443170567162,time,BTCUSDT/NEARUSDT
2022-08-08 19:00:00+00:00,3,-0.011453479653246187,-0.013032288299509382,stop,BTCUSDT/NEARUSDT
2022-08-08 23:00:00+00:00,11,-0.003703924515857481,-0.005282733162120675,stop,BTCUSDT/NEARUSDT
2022-08-09 14:00:00+00:00,2,-0.0033442000955815074,-0.0049230087418447015,stop,BTCUSDT/NEARUSDT
2023-12-20 00:00:00+00:00,11,-0.03970964540414284,-0.04131043205943345,stop,BTCUSDT/NEARUSDT
2023-12-20 13:00:00+00:00,3,-0.023416154734948905,-0.02501694139023952,stop,BTCUSDT/NEARUSDT
2023-12-20 17:00:00+00:00,15,-0.03183589934971749,-0.033436686005008105,stop,BTCUSDT/NEARUSDT
2024-08-27 21:00:00+00:00,62,0.01924284169892123,0.017712008302356596,revert,BTCUSDT/NEARUSDT
2024-09-06 14:00:00+00:00,72,-0.013186403536442352,-0.01465210436999104,time,BTCUSDT/NEARUSDT
2024-09-09 15:00:00+00:00,72,0.009933570763024181,0.008467869929475492,time,BTCUSDT/NEARUSDT
2025-04-07 06:00:00+00:00,7,0.023181911614396138,0.02178608608123246,revert,BTCUSDT/NEARUSDT
2025-04-10 00:00:00+00:00,72,-0.014822269690434063,-0.016762756746586928,time,BTCUSDT/NEARUSDT
2025-04-13 01:00:00+00:00,47,-0.00360490377719841,-0.005549581155821097,stop,BTCUSDT/NEARUSDT
2025-04-15 19:00:00+00:00,1,-0.0009886312939375139,-0.002933308672560201,stop,BTCUSDT/NEARUSDT
2025-04-15 22:00:00+00:00,12,-0.002027993055729168,-0.003972670434351855,stop,BTCUSDT/NEARUSDT
2025-02-25 07:00:00+00:00,7,-0.020814970612066306,-0.0220113806620683,stop,BTCUSDT/POLUSDT
2024-01-08 18:00:00+00:00,68,-0.02984031825563286,-0.03181716670668676,stop,BTCUSDT/SEIUSDT
2024-01-11 15:00:00+00:00,25,0.0639503382606603,0.061973489809606395,revert,BTCUSDT/SEIUSDT
2025-01-15 13:00:00+00:00,72,-0.019316651258725823,-0.02154491221303742,time,BTCUSDT/SHIBUSDT
2025-01-18 14:00:00+00:00,1,-0.005445730733469429,-0.0076739916877810255,stop,BTCUSDT/SHIBUSDT
2022-01-21 00:00:00+00:00,2,0.016750274431366986,0.015036144366239883,revert,BTCUSDT/SOLUSDT
2022-01-22 14:00:00+00:00,19,0.014969517752188029,0.013256183835575384,revert,BTCUSDT/SOLUSDT
2022-01-23 21:00:00+00:00,8,-0.022840926272503424,-0.02455989548122997,stop,BTCUSDT/SOLUSDT
2022-01-24 10:00:00+00:00,6,-0.007250732126586114,-0.008975494724879325,stop,BTCUSDT/SOLUSDT
2022-03-30 15:00:00+00:00,33,-0.026647390568586414,-0.028108217299515306,stop,BTCUSDT/SOLUSDT
2022-04-01 01:00:00+00:00,2,-0.005986656001059088,-0.007447482731987979,stop,BTCUSDT/SOLUSDT
2022-04-30 22:00:00+00:00,72,0.010601853580885485,0.008883075071449094,time,BTCUSDT/SOLUSDT
2023-10-16 18:00:00+00:00,72,0.004854962759115181,0.0029958432891384525,time,BTCUSDT/SOLUSDT
2023-10-19 23:00:00+00:00,72,-0.007644951985731459,-0.009504071455708188,time,BTCUSDT/SOLUSDT
2023-10-23 14:00:00+00:00,8,-0.03688966295173728,-0.038698418014656955,stop,BTCUSDT/SOLUSDT
2023-11-24 15:00:00+00:00,72,0.02562599586400815,0.023718924585141667,revert,BTCUSDT/SOLUSDT
2025-04-02 01:00:00+00:00,72,-0.00020955662395981574,-0.00195777066920174,time,BTCUSDT/SOLUSDT
2025-04-09 03:00:00+00:00,14,0.028445126676388495,0.027129139954979127,revert,BTCUSDT/SOLUSDT
2025-04-20 10:00:00+00:00,14,0.016017455956712563,0.014704248992259862,revert,BTCUSDT/SOLUSDT
2025-04-22 13:00:00+00:00,72,-0.01565660707202885,-0.01744918412502596,time,BTCUSDT/SOLUSDT
2025-09-29 13:00:00+00:00,51,-0.017654972942009857,-0.019467090834798667,stop,BTCUSDT/SOLUSDT
2025-10-01 17:00:00+00:00,3,-0.0030022324509663234,-0.004825229082591073,stop,BTCUSDT/SOLUSDT
2026-01-05 10:00:00+00:00,31,0.012700871966330659,0.010949027184275407,revert,BTCUSDT/SOLUSDT
2023-08-17 15:00:00+00:00,5,-0.008222101601191342,-0.009341710066428826,stop,BTCUSDT/SUIUSDT
2024-02-11 03:00:00+00:00,72,-0.00838181196541678,-0.01025050556585498,time,BTCUSDT/SUIUSDT
2024-02-14 04:00:00+00:00,72,-0.048617845754726316,-0.05048653935516451,time,BTCUSDT/SUIUSDT
2024-02-17 05:00:00+00:00,72,-0.002319430503056316,-0.004188124103494515,time,BTCUSDT/SUIUSDT
2024-02-20 06:00:00+00:00,5,-0.006677247546982212,-0.00854594114742041,stop,BTCUSDT/SUIUSDT
2024-02-20 14:00:00+00:00,5,-0.002859084832397733,-0.004727778432835931,stop,BTCUSDT/SUIUSDT
2024-02-20 20:00:00+00:00,3,-0.002137199484237867,-0.004005893084676066,stop,BTCUSDT/SUIUSDT
2024-12-20 16:00:00+00:00,72,-0.01520313847247237,-0.01641127870063683,time,BTCUSDT/SUIUSDT
2024-12-23 17:00:00+00:00,72,0.025788923849009455,0.024580783620844992,time,BTCUSDT/SUIUSDT
2025-01-17 15:00:00+00:00,72,-0.015488828133194674,-0.01739433861923015,time,BTCUSDT/SUIUSDT
2025-01-20 16:00:00+00:00,72,0.006284037063081261,0.004378526577045787,time,BTCUSDT/SUIUSDT
2025-01-23 17:00:00+00:00,72,0.0015651228299937443,-0.0003403876560417302,time,BTCUSDT/SUIUSDT
2025-01-26 18:00:00+00:00,72,0.009588320185285167,0.007682809699249692,time,BTCUSDT/SUIUSDT
2025-01-29 19:00:00+00:00,72,0.01829212494966274,0.016386614463627266,time,BTCUSDT/SUIUSDT
2025-02-01 20:00:00+00:00,72,0.015439308883925355,0.01353379839788988,time,BTCUSDT/SUIUSDT
2025-09-15 18:00:00+00:00,19,0.01462524932335229,0.012882009590828985,revert,BTCUSDT/SUIUSDT
2025-09-16 23:00:00+00:00,20,0.013116375561187367,0.011373135828664062,revert,BTCUSDT/SUIUSDT
2026-01-06 05:00:00+00:00,72,-0.003054390180450641,-0.0043115731260126465,time,BTCUSDT/SUIUSDT
2026-01-13 19:00:00+00:00,20,-0.02303765460191842,-0.024910740331256356,stop,BTCUSDT/SUIUSDT
2026-01-14 16:00:00+00:00,1,-0.0016953639746815452,-0.0035652698848818057,stop,BTCUSDT/SUIUSDT
2026-04-05 21:00:00+00:00,72,-0.006342830496246017,-0.008063902744189281,time,BTCUSDT/SUIUSDT
2026-04-08 22:00:00+00:00,72,-0.011300207641645124,-0.013035042015201113,time,BTCUSDT/SUIUSDT
2026-04-11 23:00:00+00:00,45,-0.005386823507073565,-0.0071216578806295545,stop,BTCUSDT/SUIUSDT
2026-04-13 21:00:00+00:00,1,-0.0037923363870887798,-0.005527170760644769,stop,BTCUSDT/SUIUSDT
2026-01-05 01:00:00+00:00,72,0.016415849511697323,0.014453584093934022,time,BTCUSDT/TAOUSDT
2025-02-24 23:00:00+00:00,10,-0.026609804589256797,-0.02792024201192811,stop,BTCUSDT/TONUSDT
2025-02-25 11:00:00+00:00,2,-0.004794147421778862,-0.006103166923127612,stop,BTCUSDT/TONUSDT
2025-09-06 13:00:00+00:00,72,0.006724061816247013,0.004870757593222823,time,BTCUSDT/TONUSDT
2026-09-19 00:00:00+00:00,61,-0.03862833015553473,-0.04056140654074893,stop,BTCUSDT/TRUMPUSDT
2025-10-01 15:00:00+00:00,61,-0.022324219137007797,-0.02463738657920434,stop,BTCUSDT/TRXUSDT
2025-10-04 09:00:00+00:00,1,-0.0001864384864144714,-0.002499605928611016,stop,BTCUSDT/TRXUSDT
2025-10-04 11:00:00+00:00,2,-0.002234488250920998,-0.004547655693117543,stop,BTCUSDT/TRXUSDT
2025-10-04 14:00:00+00:00,8,-0.0011409174124237713,-0.003454084854620316,stop,BTCUSDT/TRXUSDT
2026-01-14 14:00:00+00:00,29,0.015109703002110488,0.012816513604093775,revert,BTCUSDT/TRXUSDT
2025-04-02 16:00:00+00:00,72,0.019463422616094347,0.017639019669619407,time,BTCUSDT/UNIUSDT
2026-01-13 19:00:00+00:00,21,-0.02504454319992516,-0.026975685823911077,stop,BTCUSDT/VIRTUALUSDT
2026-04-05 10:00:00+00:00,72,-0.0069182812180354145,-0.008667612743346244,time,BTCUSDT/VIRTUALUSDT
2026-04-08 11:00:00+00:00,15,-0.008063414466925295,-0.009820068177813177,stop,BTCUSDT/VIRTUALUSDT
2026-04-09 04:00:00+00:00,12,-0.002817250481583683,-0.004573904192471564,stop,BTCUSDT/VIRTUALUSDT
2026-04-09 17:00:00+00:00,6,-1.4960962772391818e-05,-0.001771614673660273,stop,BTCUSDT/VIRTUALUSDT
2025-01-17 16:00:00+00:00,72,-0.01873409734695223,-0.020774640286761032,time,BTCUSDT/XLMUSDT
2025-08-11 02:00:00+00:00,72,-0.008985477791370646,-0.011036443266775775,time,BTCUSDT/XLMUSDT
2025-08-14 03:00:00+00:00,39,0.0296506844072748,0.027594062194369943,revert,BTCUSDT/XLMUSDT
2026-08-25 06:00:00+00:00,72,-0.034329691075729155,-0.03600113072250393,time,BTCUSDT/XPLUSDT
2026-08-28 07:00:00+00:00,72,0.025814994655572063,0.02415661644237634,time,BTCUSDT/XPLUSDT
2026-08-31 08:00:00+00:00,18,-0.02086700958160134,-0.022525387794797062,stop,BTCUSDT/XPLUSDT
2026-09-01 03:00:00+00:00,1,-0.0014158000063625312,-0.003074178219558254,stop,BTCUSDT/XPLUSDT
2026-09-01 13:00:00+00:00,11,-0.0103133292011915,-0.011971707414387224,stop,BTCUSDT/XPLUSDT
2026-09-02 02:00:00+00:00,72,0.037356353966613826,0.035697975753418106,time,BTCUSDT/XPLUSDT
2026-09-05 05:00:00+00:00,72,0.0006556452970422517,-0.001002732916153471,time,BTCUSDT/XPLUSDT
2026-09-08 06:00:00+00:00,12,0.03882387108246373,0.03716549286926801,revert,BTCUSDT/XPLUSDT
2021-11-29 18:00:00+00:00,31,0.02177614641368835,0.02005955371411296,revert,BTCUSDT/XRPUSDT
2021-12-09 10:00:00+00:00,72,0.034837963435116893,0.03331190259126206,time,BTCUSDT/XRPUSDT
2022-01-24 17:00:00+00:00,72,0.0001846581643434684,-0.0014907582346400535,time,BTCUSDT/XRPUSDT
2022-01-27 23:00:00+00:00,72,-0.016224392004995307,-0.017912269718891018,time,BTCUSDT/XRPUSDT
2022-09-06 00:00:00+00:00,72,-0.015954236058579128,-0.017689056932325514,time,BTCUSDT/XRPUSDT
2022-09-09 01:00:00+00:00,14,0.030407963175096663,0.028652264218278062,revert,BTCUSDT/XRPUSDT
2022-09-16 19:00:00+00:00,18,-0.03913620004965776,-0.04085419496186751,stop,BTCUSDT/XRPUSDT
2023-01-30 21:00:00+00:00,72,0.014055206093115565,0.012490784687875142,time,BTCUSDT/XRPUSDT
2023-02-09 22:00:00+00:00,72,-0.0019890498768289256,-0.003537095120872398,time,BTCUSDT/XRPUSDT
2023-08-17 13:00:00+00:00,7,-0.021586212394229653,-0.022683936904768106,stop,BTCUSDT/XRPUSDT
2023-09-11 10:00:00+00:00,72,-0.008254247972718138,-0.009997047329634719,time,BTCUSDT/XRPUSDT
2023-09-14 11:00:00+00:00,72,0.007785247355107687,0.006040553265738845,time,BTCUSDT/XRPUSDT
2023-09-17 12:00:00+00:00,72,-0.00013805056436488015,-0.001882744653733722,time,BTCUSDT/XRPUSDT
2023-09-20 13:00:00+00:00,72,0.010381823561657975,0.008637129472289133,time,BTCUSDT/XRPUSDT
2024-03-02 02:00:00+00:00,70,0.007087777678314443,0.005208502058355611,revert,BTCUSDT/XRPUSDT
2024-03-05 19:00:00+00:00,32,0.03973800521846054,0.03817401670763789,revert,BTCUSDT/XRPUSDT
2024-09-16 19:00:00+00:00,20,0.026547870878337432,0.024938906579859362,revert,BTCUSDT/XRPUSDT
2024-09-20 15:00:00+00:00,72,0.0028984273936897243,0.0012318010485265454,time,BTCUSDT/XRPUSDT
2025-06-25 20:00:00+00:00,33,-0.013175471942744144,-0.014932602802706967,stop,BTCUSDT/XRPUSDT
2025-06-27 06:00:00+00:00,72,0.011979719647153813,0.010220612972415565,time,BTCUSDT/XRPUSDT
2025-06-30 07:00:00+00:00,15,0.014623117748875522,0.012864011074137274,revert,BTCUSDT/XRPUSDT
2026-05-17 23:00:00+00:00,72,-0.02056785802170564,-0.021689761644302016,time,BTCUSDT/ZECUSDT
2023-01-24 02:00:00+00:00,1,-0.005107089725649814,-0.007188504603247973,stop,CAKEUSDT/DOGEUSDT
2023-01-24 05:00:00+00:00,1,-0.0005647447397136125,-0.0026461596173117715,stop,CAKEUSDT/DOGEUSDT
2023-01-24 07:00:00+00:00,8,-0.0032641103055887207,-0.00534552518318688,stop,CAKEUSDT/DOGEUSDT
2023-01-24 16:00:00+00:00,72,-0.0010887319230710683,-0.0031701468006692275,time,CAKEUSDT/DOGEUSDT
2023-01-27 17:00:00+00:00,12,0.026870523993976596,0.024812330671825672,revert,CAKEUSDT/DOGEUSDT
2023-03-13 05:00:00+00:00,27,0.0240932263901547,0.02190535481168864,revert,CAKEUSDT/DOGEUSDT
2023-03-16 06:00:00+00:00,56,0.025172395903198558,0.02296298966903676,revert,CAKEUSDT/DOGEUSDT
2023-03-23 09:00:00+00:00,72,0.009593659306317413,0.007657070351703839,time,CAKEUSDT/DOGEUSDT
2022-06-22 20:00:00+00:00,67,0.021459668366147135,0.019459314519859803,revert,CAKEUSDT/ETHUSDT
2022-07-29 04:00:00+00:00,1,-0.021847620037761337,-0.02421437014986784,stop,CAKEUSDT/ETHUSDT
2022-07-29 07:00:00+00:00,1,-0.02574904873242001,-0.028115798844526512,stop,CAKEUSDT/ETHUSDT
2023-01-24 01:00:00+00:00,1,-0.020260286807546955,-0.022422769739480552,stop,CAKEUSDT/ETHUSDT
2023-01-24 08:00:00+00:00,7,-0.005293512666859895,-0.007455995598793491,stop,CAKEUSDT/ETHUSDT
2023-01-24 16:00:00+00:00,72,0.003388732995930512,0.0012262500639969153,time,CAKEUSDT/ETHUSDT
2023-01-27 17:00:00+00:00,41,-0.009949315324391193,-0.01211179825632479,stop,CAKEUSDT/ETHUSDT
2023-01-29 22:00:00+00:00,2,-0.0032477832810112192,-0.005410266212944816,stop,CAKEUSDT/ETHUSDT
2023-01-30 02:00:00+00:00,25,-0.003680371162430869,-0.005842854094364466,stop,CAKEUSDT/ETHUSDT
2023-01-31 05:00:00+00:00,14,-0.004875816309345816,-0.007038299241279413,stop,CAKEUSDT/ETHUSDT
2023-01-31 20:00:00+00:00,31,-0.009159907473689517,-0.011322390405623113,stop,CAKEUSDT/ETHUSDT
2023-01-24 02:00:00+00:00,1,-0.005705721471525517,-0.0077664650021906124,stop,CAKEUSDT/LINKUSDT
2023-01-24 07:00:00+00:00,7,-0.001636756445445895,-0.0036974999761109906,stop,CAKEUSDT/LINKUSDT
2023-01-24 16:00:00+00:00,8,-0.0002821444307895202,-0.0023428879614546157,stop,CAKEUSDT/LINKUSDT
2023-01-25 01:00:00+00:00,42,0.019515225065876423,0.017454481535211328,revert,CAKEUSDT/LINKUSDT
2023-01-31 14:00:00+00:00,72,-0.004189240331666223,-0.006216170498611678,time,CAKEUSDT/LINKUSDT
2023-02-03 15:00:00+00:00,3,-0.012963266662584029,-0.014990196829529484,stop,CAKEUSDT/LINKUSDT
2023-02-03 19:00:00+00:00,1,-0.001535699356718519,-0.003562629523663975,stop,CAKEUSDT/LINKUSDT
2023-02-03 21:00:00+00:00,3,-0.007309653893749043,-0.009336584060694498,stop,CAKEUSDT/LINKUSDT
2023-02-04 06:00:00+00:00,3,-0.003181731686275162,-0.005208661853220617,stop,CAKEUSDT/LINKUSDT
2023-03-21 21:00:00+00:00,15,-0.027329889653732578,-0.02927040935093648,stop,CAKEUSDT/LINKUSDT
2023-03-22 13:00:00+00:00,24,-0.0017495427749881429,-0.0036893921218294095,stop,CAKEUSDT/LINKUSDT
2023-03-23 15:00:00+00:00,5,-0.0029936244046448357,-0.004933473751486102,stop,CAKEUSDT/LINKUSDT
2023-02-01 22:00:00+00:00,38,0.029067812234449705,0.027040309075314455,revert,CAKEUSDT/LTCUSDT
2024-05-23 20:00:00+00:00,72,0.003072159735648976,0.001144616038264,time,CAKEUSDT/LTCUSDT
2024-05-26 21:00:00+00:00,72,0.0026002745385265056,0.0006727308411415298,time,CAKEUSDT/LTCUSDT
2022-07-19 03:00:00+00:00,30,0.019068978386504672,0.016922982038959235,revert,CAKEUSDT/NEARUSDT
2022-07-21 17:00:00+00:00,39,0.020532638572939476,0.018423235301888392,revert,CAKEUSDT/NEARUSDT
2022-07-28 15:00:00+00:00,15,-0.03534826939482435,-0.037822041338612944,stop,CAKEUSDT/NEARUSDT
2024-05-03 17:00:00+00:00,60,-0.06150305322090744,-0.06347835522700684,stop,CAKEUSDT/WLDUSDT
2023-04-04 12:00:00+00:00,72,0.004506218180982499,0.0026536105509219195,time,CFXUSDT/ETHUSDT
2021-12-05 09:00:00+00:00,35,0.05100936847300465,0.049226881602453004,revert,CFXUSDT/FETUSDT
2021-12-17 18:00:00+00:00,8,-0.024029342238599267,-0.02591567602128715,stop,CFXUSDT/FETUSDT
2021-12-18 03:00:00+00:00,3,-0.02556512802318372,-0.027455143471077293,stop,CFXUSDT/FETUSDT
2021-12-18 07:00:00+00:00,1,-0.01345722979999596,-0.015347245247889536,stop,CFXUSDT/FETUSDT
2021-12-18 09:00:00+00:00,1,-0.03607098297222619,-0.03796099842011977,stop,CFXUSDT/FETUSDT
2021-12-18 18:00:00+00:00,1,-0.008201183771457982,-0.010091199219351558,stop,CFXUSDT/FETUSDT
2021-12-18 20:00:00+00:00,57,0.10353442618815428,0.1016444107402607,revert,CFXUSDT/FETUSDT
2021-12-04 04:00:00+00:00,4,0.07523467640488055,0.07351812327045429,revert,CFXUSDT/FILUSDT
2021-12-06 06:00:00+00:00,17,0.06779167498482959,0.06628473223847652,revert,CFXUSDT/FILUSDT
2021-12-10 16:00:00+00:00,58,0.050351856171215806,0.04883197573417063,revert,CFXUSDT/FILUSDT
2021-12-17 18:00:00+00:00,17,-0.11063087146680874,-0.11226920278007786,stop,CFXUSDT/FILUSDT
2021-12-18 14:00:00+00:00,2,-0.0386775275493529,-0.04031352425352083,stop,CFXUSDT/FILUSDT
2021-12-18 17:00:00+00:00,72,0.04571595519107474,0.04407995848690681,time,CFXUSDT/FILUSDT
2023-02-25 20:00:00+00:00,72,0.017196794015801938,0.015877701036996573,time,CFXUSDT/FILUSDT
2021-11-28 03:00:00+00:00,7,0.06927240882446843,0.06745360143948771,revert,CFXUSDT/ICPUSDT
2021-12-06 02:00:00+00:00,21,0.05218592327551163,0.05055025358615917,revert,CFXUSDT/ICPUSDT
2021-12-17 14:00:00+00:00,4,-0.0716295972410523,-0.07344645717312397,stop,CFXUSDT/ICPUSDT
2021-12-17 19:00:00+00:00,7,-0.05096209056227538,-0.05277895049434704,stop,CFXUSDT/ICPUSDT
2021-12-18 03:00:00+00:00,2,-0.017162929856031624,-0.018985397586797445,stop,CFXUSDT/ICPUSDT
2021-12-18 09:00:00+00:00,1,-0.03996764874362386,-0.04179011647438968,stop,CFXUSDT/ICPUSDT
2021-12-04 05:00:00+00:00,42,-0.061514201736654145,-0.06312299776900962,stop,CFXUSDT/SOLUSDT
2021-12-21 22:00:00+00:00,72,0.04736294372876851,0.04554698876980986,time,CFXUSDT/XRPUSDT
2021-11-22 15:00:00+00:00,49,-0.11010037991141167,-0.11192059218666112,stop,CRVUSDT/DOGEUSDT
2025-08-16 07:00:00+00:00,72,0.004154320257110928,0.0026075376443050577,time,CRVUSDT/DOGEUSDT
2025-08-19 18:00:00+00:00,72,0.05204807684627361,0.05050129423346774,time,CRVUSDT/DOGEUSDT
2026-02-14 14:00:00+00:00,7,-0.03452329160422623,-0.03635512164113537,stop,CRVUSDT/DOGEUSDT
2022-04-08 18:00:00+00:00,72,-0.001294291058035607,-0.003000309754402553,time,CRVUSDT/ETHUSDT
2022-04-11 19:00:00+00:00,72,0.008129834429420725,0.006423815733053779,time,CRVUSDT/ETHUSDT
2022-04-22 12:00:00+00:00,6,-0.027548720992375153,-0.02902507233001724,stop,CRVUSDT/ETHUSDT
2025-05-11 13:00:00+00:00,72,-0.04507692064184723,-0.046681190832890455,time,CRVUSDT/ETHUSDT
2025-05-14 14:00:00+00:00,1,-0.003950426363162642,-0.005554696554205868,stop,CRVUSDT/ETHUSDT
2025-05-14 17:00:00+00:00,8,-0.006325697334432903,-0.00792996752547613,stop,CRVUSDT/ETHUSDT
2025-11-04 17:00:00+00:00,3,-0.0327918851891523,-0.03418438127445743,stop,CRVUSDT/ETHUSDT
2025-11-04 23:00:00+00:00,72,-0.011316857601898156,-0.012709353687203285,time,CRVUSDT/ETHUSDT
2026-02-14 17:00:00+00:00,5,-0.019909181872967745,-0.02178022469009009,stop,CRVUSDT/FLOKIUSDT
2026-02-14 23:00:00+00:00,72,0.027379917674934102,0.025508874857811756,time,CRVUSDT/FLOKIUSDT
2026-02-25 09:00:00+00:00,72,-0.014749403607231565,-0.01656339177989153,time,CRVUSDT/FLOKIUSDT
2026-02-28 10:00:00+00:00,9,-0.0028219513639035944,-0.004640356397404257,stop,CRVUSDT/FLOKIUSDT
2022-04-04 17:00:00+00:00,72,0.005759167713651467,0.004110547443864956,time,CRVUSDT/HBARUSDT
2026-02-14 04:00:00+00:00,72,-0.0038333510358665532,-0.005806061427396606,time,CRVUSDT/ONDOUSDT
2026-02-17 05:00:00+00:00,72,0.006581276101780099,0.004608565710250046,time,CRVUSDT/ONDOUSDT
2026-02-20 06:00:00+00:00,72,-0.007293108574218374,-0.009265818965748428,time,CRVUSDT/ONDOUSDT
2026-02-23 07:00:00+00:00,72,0.008772612065957391,0.006799901674427338,time,CRVUSDT/ONDOUSDT
2026-02-26 08:00:00+00:00,72,0.017458006383763,0.015485295992232945,time,CRVUSDT/ONDOUSDT
2022-03-26 16:00:00+00:00,18,0.03751518493952108,0.035732193077476986,revert,CRVUSDT/SOLUSDT
2025-08-16 00:00:00+00:00,72,0.007010350625509037,0.005396306165585604,time,CRVUSDT/SOLUSDT
2025-08-19 01:00:00+00:00,72,-0.0010504299577070914,-0.002664474417630525,time,CRVUSDT/SOLUSDT
2025-08-22 02:00:00+00:00,72,-0.025966629028646812,-0.027580673488570247,time,CRVUSDT/SOLUSDT
2025-08-25 03:00:00+00:00,16,-0.061300337002019756,-0.06291438146194318,stop,CRVUSDT/SOLUSDT
2025-08-16 00:00:00+00:00,72,0.015342619892635216,0.013662134394446863,time,CRVUSDT/SUIUSDT
2026-02-14 01:00:00+00:00,7,0.018622600224069988,0.016836442910463562,revert,CRVUSDT/SUIUSDT
2026-02-22 02:00:00+00:00,62,0.010875508267220998,0.00915794754167577,revert,CRVUSDT/SUIUSDT
2026-02-25 09:00:00+00:00,72,-0.0009314529696620687,-0.002717829764297179,time,CRVUSDT/SUIUSDT
2026-02-28 10:00:00+00:00,72,0.00648331290024752,0.00469596477191815,time,CRVUSDT/SUIUSDT
2026-03-03 11:00:00+00:00,19,-0.021304197729632022,-0.02309154585796139,stop,CRVUSDT/SUIUSDT
2026-03-04 07:00:00+00:00,72,0.023331231178410086,0.021543883050080717,time,CRVUSDT/SUIUSDT
2026-02-19 16:00:00+00:00,66,-0.022233174920651577,-0.025514660749540258,stop,CRVUSDT/TRXUSDT
2021-11-23 11:00:00+00:00,33,-0.13189993400229214,-0.1338897351717584,stop,CRVUSDT/UNIUSDT
2025-11-04 20:00:00+00:00,9,0.025692305739505768,0.023947562187585803,revert,CRVUSDT/UNIUSDT
2026-02-12 10:00:00+00:00,47,-0.05103956974185495,-0.0528209858771278,stop,CRVUSDT/VIRTUALUSDT
2026-02-14 11:00:00+00:00,72,0.020649409740277822,0.018856755831271582,time,CRVUSDT/VIRTUALUSDT
2026-02-17 12:00:00+00:00,61,-0.02726148774142656,-0.0290541416504328,stop,CRVUSDT/VIRTUALUSDT
2026-02-20 03:00:00+00:00,5,-0.002878874749897142,-0.004671528658903381,stop,CRVUSDT/VIRTUALUSDT
2026-02-20 11:00:00+00:00,7,-0.0011858042787819996,-0.0029784581877882388,stop,CRVUSDT/VIRTUALUSDT
2026-02-20 19:00:00+00:00,19,-0.004503521768733568,-0.006296175677739807,stop,CRVUSDT/VIRTUALUSDT
2023-05-30 08:00:00+00:00,31,0.009670349411195244,0.00787202237807283,revert,DOGEUSDT/DOTUSDT
2023-06-05 16:00:00+00:00,25,0.019052391475637732,0.017293181429815986,revert,DOGEUSDT/DOTUSDT
2023-06-09 13:00:00+00:00,20,0.00970231361210315,0.00792807373870151,revert,DOGEUSDT/DOTUSDT
2023-06-14 16:00:00+00:00,14,0.016446376415709698,0.014669142552457696,revert,DOGEUSDT/DOTUSDT
2023-06-15 10:00:00+00:00,49,0.013503445803667155,0.011722217074097853,revert,DOGEUSDT/DOTUSDT
2023-06-25 08:00:00+00:00,72,-0.005978984683675442,-0.007731022655817549,time,DOGEUSDT/DOTUSDT
2023-06-28 09:00:00+00:00,29,-0.01820524499487358,-0.01995728296701569,stop,DOGEUSDT/DOTUSDT
2023-06-29 15:00:00+00:00,72,-0.00034534524109731263,-0.0020973832132394196,time,DOGEUSDT/DOTUSDT
2023-07-02 16:00:00+00:00,7,-0.004526223500806896,-0.006278261472949003,stop,DOGEUSDT/DOTUSDT
2023-07-15 07:00:00+00:00,72,0.019074373570814502,0.017154967876891972,time,DOGEUSDT/DOTUSDT
2023-07-24 07:00:00+00:00,4,-0.009720333270339198,-0.011496376512624008,stop,DOGEUSDT/DOTUSDT
2023-07-24 15:00:00+00:00,11,-0.011662635095496702,-0.013438678337781512,stop,DOGEUSDT/DOTUSDT
2023-08-28 16:00:00+00:00,36,0.01285279842845537,0.01095378051696582,revert,DOGEUSDT/DOTUSDT
2023-08-31 05:00:00+00:00,11,-0.01568106020108123,-0.017380102077212675,stop,DOGEUSDT/DOTUSDT
2023-08-31 17:00:00+00:00,3,-0.005793898274241755,-0.0074929401503731966,stop,DOGEUSDT/DOTUSDT
2023-08-31 21:00:00+00:00,1,-0.003328919420354178,-0.00502796129648562,stop,DOGEUSDT/DOTUSDT
2025-02-11 20:00:00+00:00,72,-0.006506557743330782,-0.008453096695686032,time,DOGEUSDT/ENAUSDT
2025-02-14 23:00:00+00:00,72,0.00517857524419426,0.003229360291740546,time,DOGEUSDT/ENAUSDT
2025-07-06 13:00:00+00:00,72,0.012811732067903986,0.01084566525631184,time,DOGEUSDT/ENAUSDT
2025-07-09 14:00:00+00:00,6,-0.01872642366649733,-0.020692490478089475,stop,DOGEUSDT/ENAUSDT
2025-07-09 21:00:00+00:00,29,-0.012823657480408729,-0.014789724292000874,stop,DOGEUSDT/ENAUSDT
2025-07-11 03:00:00+00:00,6,0.042625981191090144,0.040659914379498,revert,DOGEUSDT/ENAUSDT
2025-07-11 13:00:00+00:00,4,-0.028359477369136632,-0.03032554418072878,stop,DOGEUSDT/ENAUSDT
2025-07-11 20:00:00+00:00,5,-0.0019384965532150758,-0.003904563364807221,stop,DOGEUSDT/ENAUSDT
2025-07-12 07:00:00+00:00,17,-0.003881921677009636,-0.005847988488601781,stop,DOGEUSDT/ENAUSDT
2025-07-13 04:00:00+00:00,53,0.03716879505197955,0.03520272824038741,revert,DOGEUSDT/ENAUSDT
2025-07-24 09:00:00+00:00,18,-0.04337103639263053,-0.045159703100298494,stop,DOGEUSDT/ENAUSDT
2022-10-25 15:00:00+00:00,28,0.03868373471420671,0.037085936825269034,revert,DOGEUSDT/ETHUSDT
2022-10-27 01:00:00+00:00,3,-0.025867463607927087,-0.027532752461895484,stop,DOGEUSDT/ETHUSDT
2022-10-27 09:00:00+00:00,3,-0.004617315200780486,-0.006282604054748885,stop,DOGEUSDT/ETHUSDT
2023-01-28 04:00:00+00:00,51,0.022271516147741626,0.02057629228102926,revert,DOGEUSDT/ETHUSDT
2023-01-31 00:00:00+00:00,7,-0.03164253923401646,-0.03333246672084825,stop,DOGEUSDT/ETHUSDT
2023-01-31 08:00:00+00:00,8,-0.013220591893496397,-0.014910519380328184,stop,DOGEUSDT/ETHUSDT
2023-01-31 18:00:00+00:00,1,-0.012048558659161913,-0.013738486145993701,stop,DOGEUSDT/ETHUSDT
2023-06-07 09:00:00+00:00,67,-0.08506809440962279,-0.08643912332853175,stop,DOGEUSDT/ETHUSDT
2023-07-14 15:00:00+00:00,16,-0.01579380353553433,-0.01748323191385903,stop,DOGEUSDT/ETHUSDT
2023-07-15 13:00:00+00:00,2,-0.004308812984768614,-0.005991717595923369,stop,DOGEUSDT/ETHUSDT
2023-07-15 17:00:00+00:00,1,-0.004191746716972203,-0.005874651328126958,stop,DOGEUSDT/ETHUSDT
2023-07-15 19:00:00+00:00,1,-0.002218053325189411,-0.0039009579363441663,stop,DOGEUSDT/ETHUSDT
2023-07-15 21:00:00+00:00,72,0.02012795641452964,0.018445051803374884,time,DOGEUSDT/ETHUSDT
2024-02-21 17:00:00+00:00,50,0.01915959727909922,0.01776347545124136,revert,DOGEUSDT/ETHUSDT
2024-02-27 06:00:00+00:00,3,-0.035197605769063445,-0.03711232638616345,stop,DOGEUSDT/ETHUSDT
2024-02-27 11:00:00+00:00,1,-0.0012285292118575958,-0.0031432498289576008,stop,DOGEUSDT/ETHUSDT
2024-07-20 15:00:00+00:00,29,-0.021884464627910084,-0.02344466556632052,stop,DOGEUSDT/ETHUSDT
2026-06-12 14:00:00+00:00,56,0.023307264319176214,0.021668623681533567,revert,DOGEUSDT/ETHUSDT
2026-06-15 16:00:00+00:00,72,-0.006830403923523451,-0.008388956977717176,time,DOGEUSDT/ETHUSDT
2026-06-18 17:00:00+00:00,72,-0.005807089645149353,-0.007361075613631786,time,DOGEUSDT/ETHUSDT
2026-06-21 18:00:00+00:00,9,-0.0022637561601183296,-0.0038177421286007623,stop,DOGEUSDT/ETHUSDT
2026-06-22 04:00:00+00:00,3,-0.0010386480913103238,-0.0025926340597927566,stop,DOGEUSDT/ETHUSDT
2026-06-22 09:00:00+00:00,1,-0.000732951759231001,-0.0022869377277134335,stop,DOGEUSDT/ETHUSDT
2026-06-22 12:00:00+00:00,5,-0.0026762442489931208,-0.004230230217475553,stop,DOGEUSDT/ETHUSDT
2026-08-21 00:00:00+00:00,20,-0.03477658937052574,-0.03656574414511543,stop,DOGEUSDT/ETHUSDT
2023-01-31 02:00:00+00:00,72,0.013020923774778315,0.010939167857142326,time,DOGEUSDT/FETUSDT
2023-02-05 20:00:00+00:00,72,-0.03200270914201834,-0.033486453409343586,time,DOGEUSDT/FETUSDT
2023-02-08 21:00:00+00:00,25,-0.04527564444002023,-0.04675938870734549,stop,DOGEUSDT/FETUSDT
2023-02-09 23:00:00+00:00,1,-0.011861661843753387,-0.013345406111078638,stop,DOGEUSDT/FETUSDT
2023-02-10 03:00:00+00:00,3,-0.00874325918164904,-0.01022700344897429,stop,DOGEUSDT/FETUSDT
2023-05-24 13:00:00+00:00,72,0.003996724592919079,0.0025227243055224793,time,DOGEUSDT/FILUSDT
2023-05-30 08:00:00+00:00,66,-0.020887356246089745,-0.02236275562399686,stop,DOGEUSDT/FILUSDT
2023-06-02 15:00:00+00:00,1,-0.005979857776507473,-0.007455257154414588,stop,DOGEUSDT/FILUSDT
2023-06-02 19:00:00+00:00,2,-0.0040760635184781974,-0.005551462896385312,stop,DOGEUSDT/FILUSDT
2023-06-02 23:00:00+00:00,1,-0.0016980208479015386,-0.0031734202258086536,stop,DOGEUSDT/FILUSDT
2023-06-03 01:00:00+00:00,72,-0.005185698343828232,-0.006661097721735347,time,DOGEUSDT/FILUSDT
2023-06-06 02:00:00+00:00,16,0.05170720284194546,0.05031285862291751,revert,DOGEUSDT/FILUSDT
2023-07-03 02:00:00+00:00,38,0.03558613112610106,0.03408913150165562,revert,DOGEUSDT/FILUSDT
2023-07-05 12:00:00+00:00,72,0.002804135271384683,0.0013292584741389083,time,DOGEUSDT/FILUSDT
2024-02-21 00:00:00+00:00,43,-0.029679878250185688,-0.031062597322001895,stop,DOGEUSDT/FILUSDT
2024-02-22 20:00:00+00:00,4,-0.0035392093595194825,-0.0049219284313356875,stop,DOGEUSDT/FILUSDT
2024-02-23 15:00:00+00:00,72,0.021738351655930445,0.020355632584114238,time,DOGEUSDT/FILUSDT
2024-02-26 16:00:00+00:00,14,0.031551550635454784,0.030168831563638577,revert,DOGEUSDT/FILUSDT
2024-02-27 10:00:00+00:00,9,-0.03852076739160174,-0.04044956133390301,stop,DOGEUSDT/FILUSDT
2024-02-27 21:00:00+00:00,1,-0.012043802848175562,-0.013972596790476835,stop,DOGEUSDT/FILUSDT
2024-02-27 23:00:00+00:00,9,-0.01213564071229091,-0.014064434654592183,stop,DOGEUSDT/FILUSDT
2024-02-28 09:00:00+00:00,1,-0.016645921846603285,-0.01857471578890456,stop,DOGEUSDT/FILUSDT
2024-02-28 11:00:00+00:00,1,-0.0076166805348535154,-0.00954547447715479,stop,DOGEUSDT/FILUSDT
2024-02-28 13:00:00+00:00,1,-0.0019527277380157746,-0.003881521680317048,stop,DOGEUSDT/FILUSDT
2024-09-13 15:00:00+00:00,72,0.010821114591097268,0.00906995200724149,time,DOGEUSDT/FILUSDT
2024-07-13 19:00:00+00:00,41,0.034599881418585714,0.03275809147312858,revert,DOGEUSDT/FLOKIUSDT
2024-07-16 01:00:00+00:00,72,0.011574596950134318,0.009897939857222551,time,DOGEUSDT/FLOKIUSDT
2024-07-19 05:00:00+00:00,34,0.031417276221907695,0.029740619128995928,revert,DOGEUSDT/FLOKIUSDT
2024-07-20 16:00:00+00:00,28,0.0359758484321947,0.034299191339282935,revert,DOGEUSDT/FLOKIUSDT
2026-01-31 17:00:00+00:00,46,0.019460192731096903,0.01781197669214063,revert,DOGEUSDT/FLOKIUSDT
2026-02-05 15:00:00+00:00,72,0.00682621538515739,0.005159752824435396,time,DOGEUSDT/FLOKIUSDT
2026-02-14 12:00:00+00:00,12,-0.02076592939917995,-0.022590996909566504,stop,DOGEUSDT/FLOKIUSDT
2026-02-15 19:00:00+00:00,72,0.0082276246338051,0.006402557123418544,time,DOGEUSDT/FLOKIUSDT
2026-02-18 20:00:00+00:00,72,-0.007117695203706793,-0.008942762714093349,time,DOGEUSDT/FLOKIUSDT
2026-02-21 21:00:00+00:00,36,-0.005186766875845943,-0.007011834386232499,stop,DOGEUSDT/FLOKIUSDT
2026-02-23 10:00:00+00:00,4,-0.001008068887025928,-0.002833136397412483,stop,DOGEUSDT/FLOKIUSDT
2026-02-23 15:00:00+00:00,47,-0.007159361501143002,-0.008984429011529557,stop,DOGEUSDT/FLOKIUSDT
2026-02-25 17:00:00+00:00,2,-0.005234633194466909,-0.007059700704853464,stop,DOGEUSDT/FLOKIUSDT
2024-12-18 20:00:00+00:00,21,-0.0904480650417686,-0.09169946636087861,stop,DOGEUSDT/HBARUSDT
2025-02-14 17:00:00+00:00,72,-0.009509342434814931,-0.011222437530059519,time,DOGEUSDT/HBARUSDT
2025-02-17 18:00:00+00:00,72,0.026491242000169425,0.024767043143582766,time,DOGEUSDT/HBARUSDT
2025-05-08 22:00:00+00:00,31,-0.02852152212878226,-0.030244148246746063,stop,DOGEUSDT/HBARUSDT
2023-05-29 17:00:00+00:00,72,-0.001804240381963397,-0.003708873689206222,time,DOGEUSDT/ICPUSDT
2023-06-05 16:00:00+00:00,25,0.037393668667888055,0.03591271170172682,revert,DOGEUSDT/ICPUSDT
2023-06-10 05:00:00+00:00,1,-0.009940271870020024,-0.011412493155643227,stop,DOGEUSDT/ICPUSDT
2023-06-10 17:00:00+00:00,1,-0.011654576658156817,-0.01312679794378002,stop,DOGEUSDT/ICPUSDT
2023-06-10 21:00:00+00:00,29,-0.005681344313190698,-0.007153565598813902,stop,DOGEUSDT/ICPUSDT
2023-06-12 03:00:00+00:00,10,-0.00018701443977976262,-0.0016592357254029662,stop,DOGEUSDT/ICPUSDT
2023-06-12 14:00:00+00:00,1,-0.002435602432256148,-0.003907823717879351,stop,DOGEUSDT/ICPUSDT
2023-06-12 16:00:00+00:00,21,-0.007826016746879404,-0.009298238032502607,stop,DOGEUSDT/ICPUSDT
2022-10-25 17:00:00+00:00,11,-0.030151658413495694,-0.032070588268708365,stop,DOGEUSDT/LINKUSDT
2022-10-26 05:00:00+00:00,1,-0.001362149971153947,-0.003281079826366621,stop,DOGEUSDT/LINKUSDT
2022-10-26 07:00:00+00:00,2,-0.008131248457861343,-0.010050178313074018,stop,DOGEUSDT/LINKUSDT
2023-01-17 21:00:00+00:00,5,0.02180556826949838,0.020120032227783167,revert,DOGEUSDT/LINKUSDT
2023-01-26 17:00:00+00:00,4,-0.013256993718264044,-0.014934633514179839,stop,DOGEUSDT/LINKUSDT
2023-01-26 22:00:00+00:00,9,-0.01096149903848729,-0.012639138834403084,stop,DOGEUSDT/LINKUSDT
2023-01-27 14:00:00+00:00,2,-0.0026068231135809973,-0.004281564967373078,stop,DOGEUSDT/LINKUSDT
2023-01-28 00:00:00+00:00,5,0.02841277203218723,0.026747298818331412,revert,DOGEUSDT/LINKUSDT
2023-01-31 01:00:00+00:00,6,-0.021405265298744824,-0.023099869787487515,stop,DOGEUSDT/LINKUSDT
2023-01-31 08:00:00+00:00,8,-0.013750772806891794,-0.015445377295634484,stop,DOGEUSDT/LINKUSDT
2023-03-20 09:00:00+00:00,49,-0.01653523150246035,-0.018233738970747593,stop,DOGEUSDT/LINKUSDT
2023-03-22 11:00:00+00:00,1,-0.011538516255357862,-0.013237023723645104,stop,DOGEUSDT/LINKUSDT
2023-03-22 15:00:00+00:00,72,0.019103851284651478,0.017405343816364233,time,DOGEUSDT/LINKUSDT
2023-04-02 00:00:00+00:00,41,-0.08299040939024502,-0.08474603038805438,stop,DOGEUSDT/LINKUSDT
2023-05-16 06:00:00+00:00,26,0.014236133014651778,0.012559241795288972,revert,DOGEUSDT/LINKUSDT
2023-06-14 17:00:00+00:00,31,0.011908935399652891,0.010312153877981347,revert,DOGEUSDT/LINKUSDT
2023-06-19 14:00:00+00:00,72,0.006729998278561543,0.004983939775703104,time,DOGEUSDT/LINKUSDT
2023-06-24 15:00:00+00:00,72,-0.016539985840993553,-0.018131724566503478,time,DOGEUSDT/LINKUSDT
2023-06-27 16:00:00+00:00,72,-0.0011212503597300056,-0.00270865753233396,time,DOGEUSDT/LINKUSDT
2023-06-30 17:00:00+00:00,10,0.0425925341138347,0.04100512694123075,revert,DOGEUSDT/LINKUSDT
2023-07-01 15:00:00+00:00,72,0.012233967041286363,0.010646559868682409,time,DOGEUSDT/LINKUSDT
2023-07-04 18:00:00+00:00,6,-0.004949007001309177,-0.006536414173913131,revert,DOGEUSDT/LINKUSDT
2023-07-15 07:00:00+00:00,57,0.03338908364052151,0.03148141565711556,revert,DOGEUSDT/LINKUSDT
2023-07-20 18:00:00+00:00,18,0.04337245912021073,0.041911140130438194,revert,DOGEUSDT/LINKUSDT
2023-07-24 07:00:00+00:00,33,-0.0418055509379488,-0.04371294455534824,stop,DOGEUSDT/LINKUSDT
2023-01-28 05:00:00+00:00,61,0.03738952993327739,0.03564399135747851,revert,DOGEUSDT/LTCUSDT
2023-01-31 19:00:00+00:00,5,0.020422678717043875,0.018711216744210602,revert,DOGEUSDT/LTCUSDT
2023-02-02 21:00:00+00:00,38,0.014790606518858843,0.013047219162519778,revert,DOGEUSDT/LTCUSDT
2023-02-09 21:00:00+00:00,72,0.00015269392276324447,-0.0015222425965216056,time,DOGEUSDT/LTCUSDT
2023-02-12 22:00:00+00:00,72,-0.009060032434105851,-0.0107349689533907,time,DOGEUSDT/LTCUSDT
2023-02-15 23:00:00+00:00,72,0.011060604433174023,0.009385667913889173,time,DOGEUSDT/LTCUSDT
2023-04-01 18:00:00+00:00,44,0.03102935268991143,0.02915307154412583,revert,DOGEUSDT/LTCUSDT
2023-06-05 15:00:00+00:00,72,-0.0034705122452398166,-0.004683019960122152,time,DOGEUSDT/LTCUSDT
2023-06-08 16:00:00+00:00,36,-0.0984814635139417,-0.09973583785813989,stop,DOGEUSDT/LTCUSDT
2025-06-26 14:00:00+00:00,72,-0.003725321755097973,-0.005633664342100702,time,DOGEUSDT/LTCUSDT
2025-06-29 15:00:00+00:00,72,0.00845363097986444,0.00654528839286171,time,DOGEUSDT/LTCUSDT
2025-07-02 19:00:00+00:00,14,-0.024245321448091415,-0.026153664035094143,stop,DOGEUSDT/LTCUSDT
2025-07-03 10:00:00+00:00,72,0.014223122528157342,0.012314779941154612,time,DOGEUSDT/LTCUSDT
2025-07-06 11:00:00+00:00,72,0.008658674859839186,0.006750332272836456,time,DOGEUSDT/LTCUSDT
2025-07-09 12:00:00+00:00,72,0.012866450684683346,0.010958108097680616,time,DOGEUSDT/LTCUSDT
2026-04-27 05:00:00+00:00,48,-0.012632129883435792,-0.01428829737783081,stop,DOGEUSDT/LTCUSDT
2026-04-29 06:00:00+00:00,1,-0.010619521019597743,-0.01227211767445966,stop,DOGEUSDT/LTCUSDT
2022-10-25 17:00:00+00:00,10,-0.02804300114327528,-0.03014898019524403,stop,DOGEUSDT/NEARUSDT
2024-02-26 08:00:00+00:00,17,0.02356617304609355,0.02197075926166422,revert,DOGEUSDT/NEARUSDT
2024-02-27 09:00:00+00:00,4,-0.021930907412903648,-0.024002290977770978,stop,DOGEUSDT/NEARUSDT
2024-02-27 17:00:00+00:00,1,-0.008130145475390722,-0.010201529040258051,stop,DOGEUSDT/NEARUSDT
2024-08-23 09:00:00+00:00,72,-0.02276498074995121,-0.02459143354990672,time,DOGEUSDT/NEARUSDT
2024-08-26 10:00:00+00:00,10,-0.010940379872917058,-0.012768769182430254,stop,DOGEUSDT/NEARUSDT
2025-07-02 06:00:00+00:00,10,0.02507717833283441,0.02317434480362755,revert,DOGEUSDT/NEARUSDT
2026-02-12 09:00:00+00:00,59,0.019463082860655803,0.017671989658103685,revert,DOGEUSDT/ONDOUSDT
2026-02-15 02:00:00+00:00,17,0.02117822445392157,0.01932405225680773,revert,DOGEUSDT/ONDOUSDT
2024-10-27 23:00:00+00:00,20,-0.05501207567311861,-0.056949922625774606,stop,DOGEUSDT/PENDLEUSDT
2024-10-28 22:00:00+00:00,2,-0.018479565163479893,-0.020417412116135885,stop,DOGEUSDT/PENDLEUSDT
2024-10-29 01:00:00+00:00,72,0.018287000903764224,0.016349153951108232,time,DOGEUSDT/PENDLEUSDT
2024-11-01 02:00:00+00:00,72,-0.002850319934546767,-0.00478816688720276,time,DOGEUSDT/PENDLEUSDT
2024-11-04 03:00:00+00:00,8,-0.022970175295141997,-0.02490802224779799,stop,DOGEUSDT/PENDLEUSDT
2025-02-14 17:00:00+00:00,41,0.019562935003326305,0.017901557376857204,revert,DOGEUSDT/POLUSDT
2025-02-24 14:00:00+00:00,35,-0.025810495499548225,-0.027435842845837038,stop,DOGEUSDT/POLUSDT
2025-02-26 04:00:00+00:00,1,-0.003572355130023034,-0.0051994477300206406,stop,DOGEUSDT/POLUSDT
2025-03-04 16:00:00+00:00,72,-0.003937718698811633,-0.005496444335360121,time,DOGEUSDT/POLUSDT
2025-03-07 17:00:00+00:00,72,0.0006237549694454309,-0.0009329634882609661,time,DOGEUSDT/POLUSDT
2025-03-10 18:00:00+00:00,72,-0.011604361035068431,-0.013161079492774829,time,DOGEUSDT/POLUSDT
2025-03-13 19:00:00+00:00,72,-0.012536528361589503,-0.0140932468192959,time,DOGEUSDT/POLUSDT
2025-03-16 20:00:00+00:00,72,0.00852576462167815,0.006969046163971752,time,DOGEUSDT/POLUSDT
2025-03-19 21:00:00+00:00,72,-0.0034714696813565003,-0.005028188139062898,time,DOGEUSDT/POLUSDT
2025-03-22 22:00:00+00:00,44,-0.017060775764524222,-0.018617494222230618,stop,DOGEUSDT/POLUSDT
2025-03-24 19:00:00+00:00,1,-0.0005457600369330761,-0.002102478494639473,stop,DOGEUSDT/POLUSDT
2025-03-24 21:00:00+00:00,3,-0.0028404024385080212,-0.004397120896214418,stop,DOGEUSDT/POLUSDT
2025-03-25 03:00:00+00:00,1,-0.001176503948729072,-0.002733222406435469,stop,DOGEUSDT/POLUSDT
2025-03-25 06:00:00+00:00,8,-0.006862840685137319,-0.008419559142843716,stop,DOGEUSDT/POLUSDT
2025-03-25 16:00:00+00:00,2,-0.0055670987485512006,-0.007123817206257597,stop,DOGEUSDT/POLUSDT
2025-03-25 19:00:00+00:00,58,-0.013504157912054338,-0.015060876369760735,stop,DOGEUSDT/POLUSDT
2024-02-19 20:00:00+00:00,19,0.04384913009103308,0.04181698452545133,revert,DOGEUSDT/SEIUSDT
2024-02-25 14:00:00+00:00,41,-0.03570096210703576,-0.037709970998809045,stop,DOGEUSDT/SEIUSDT
2021-11-16 10:00:00+00:00,72,-0.03466470836275056,-0.03611145102507083,time,DOGEUSDT/SHIBUSDT
2021-11-19 11:00:00+00:00,72,-0.013663484615957105,-0.015102477216724383,time,DOGEUSDT/SHIBUSDT
2021-11-22 12:00:00+00:00,72,0.0059716822088152445,0.004532689608047967,time,DOGEUSDT/SHIBUSDT
2021-11-25 13:00:00+00:00,19,-0.0838573898960909,-0.08529638249685818,stop,DOGEUSDT/SHIBUSDT
2021-11-26 12:00:00+00:00,11,-0.0064953907299817575,-0.007934383330749036,stop,DOGEUSDT/SHIBUSDT
2025-01-03 13:00:00+00:00,33,-0.03246659046250107,-0.03490925935295138,stop,DOGEUSDT/SHIBUSDT
2023-01-28 05:00:00+00:00,50,0.04092691595276293,0.0389371792819597,revert,DOGEUSDT/SOLUSDT
2023-01-31 02:00:00+00:00,17,-0.04397196414260672,-0.04594501528914961,stop,DOGEUSDT/SOLUSDT
2023-01-31 20:00:00+00:00,72,0.04104464601707702,0.039071594870534125,time,DOGEUSDT/SOLUSDT
2023-06-05 15:00:00+00:00,1,-0.025350875852507598,-0.02683486832305056,stop,DOGEUSDT/SOLUSDT
2023-06-05 17:00:00+00:00,1,-0.0003868203152162788,-0.0018708127857592414,stop,DOGEUSDT/SOLUSDT
2023-06-05 19:00:00+00:00,1,-0.00583355260853301,-0.007317545079075973,stop,DOGEUSDT/SOLUSDT
2023-06-05 22:00:00+00:00,20,0.05518004600522013,0.05369605353467717,revert,DOGEUSDT/SOLUSDT
2023-06-07 10:00:00+00:00,51,0.036575349396931384,0.03516556759461919,revert,DOGEUSDT/SOLUSDT
2023-07-21 12:00:00+00:00,72,-0.02600747359550855,-0.02808527218320287,time,DOGEUSDT/SOLUSDT
2023-07-24 13:00:00+00:00,21,-0.023214312452377463,-0.025292111040071785,stop,DOGEUSDT/SOLUSDT
2023-07-25 12:00:00+00:00,4,-0.03188352072320565,-0.03396131931089997,stop,DOGEUSDT/SOLUSDT
2024-02-20 00:00:00+00:00,72,0.034093373257156424,0.03208160205542581,time,DOGEUSDT/SOLUSDT
2025-01-02 06:00:00+00:00,39,0.03612636078768476,0.03434041834316351,revert,DOGEUSDT/SOLUSDT
2025-05-19 05:00:00+00:00,72,0.01457150195466813,0.012992550297939949,time,DOGEUSDT/SOLUSDT
2025-06-10 18:00:00+00:00,54,0.025422928413306414,0.02362651761038555,revert,DOGEUSDT/SOLUSDT
2023-08-22 09:00:00+00:00,31,-0.03523176404271705,-0.03684324481742527,stop,DOGEUSDT/SUIUSDT
2023-08-23 18:00:00+00:00,1,-0.001998327711359486,-0.0036570271282054655,stop,DOGEUSDT/SUIUSDT
2023-08-23 22:00:00+00:00,2,-0.009081730441045675,-0.010740429857891655,stop,DOGEUSDT/SUIUSDT
2023-08-24 01:00:00+00:00,5,-0.0012487991114190937,-0.0029074985282650737,stop,DOGEUSDT/SUIUSDT
2023-08-24 08:00:00+00:00,49,-0.004326368979068877,-0.005985068395914857,stop,DOGEUSDT/SUIUSDT
2023-08-26 10:00:00+00:00,1,-0.003956886671780723,-0.005615586088626703,stop,DOGEUSDT/SUIUSDT
2023-08-26 13:00:00+00:00,1,-0.004008185882240123,-0.005666885299086103,stop,DOGEUSDT/SUIUSDT
2023-08-26 15:00:00+00:00,72,0.0807718190437069,0.07911311962686092,revert,DOGEUSDT/SUIUSDT
2024-12-18 20:00:00+00:00,23,-0.11834585642041956,-0.11957943230417699,stop,DOGEUSDT/SUIUSDT
2024-12-19 20:00:00+00:00,4,-0.0038310609695610407,-0.005064636853318472,stop,DOGEUSDT/SUIUSDT
2024-12-20 01:00:00+00:00,7,-0.03882677401463207,-0.0400603498983895,stop,DOGEUSDT/SUIUSDT
2024-12-20 19:00:00+00:00,1,-0.022946679641113923,-0.024180255524871356,stop,DOGEUSDT/SUIUSDT
2024-12-20 22:00:00+00:00,30,-0.025214938294496694,-0.026448514178254126,stop,DOGEUSDT/SUIUSDT
2024-12-22 06:00:00+00:00,1,-0.007458102354407156,-0.008691678238164588,stop,DOGEUSDT/SUIUSDT
2024-12-22 08:00:00+00:00,6,-0.01676601056704318,-0.017999586450800614,stop,DOGEUSDT/SUIUSDT
2024-12-22 16:00:00+00:00,3,-0.02132698785788716,-0.02256056374164459,stop,DOGEUSDT/SUIUSDT
2025-05-08 23:00:00+00:00,30,-0.0721665653387909,-0.07414460416090636,stop,DOGEUSDT/SUIUSDT
2025-07-04 22:00:00+00:00,39,0.02485284247883648,0.02323880530512201,revert,DOGEUSDT/SUIUSDT
2025-07-11 16:00:00+00:00,1,-0.014555607748365392,-0.016313006394504493,stop,DOGEUSDT/SUIUSDT
2025-07-11 19:00:00+00:00,50,0.03205393807729762,0.030296539431158516,revert,DOGEUSDT/SUIUSDT
2025-07-14 07:00:00+00:00,18,-0.03388358486052615,-0.035510757900434196,stop,DOGEUSDT/SUIUSDT
2026-02-14 13:00:00+00:00,4,-0.023347921736566305,-0.025150012507820077,stop,DOGEUSDT/SUIUSDT
2026-04-23 22:00:00+00:00,72,-0.013038336012902978,-0.014888843891371469,time,DOGEUSDT/SUIUSDT
2026-04-26 23:00:00+00:00,28,-0.006260151570771508,-0.008110659449239997,stop,DOGEUSDT/SUIUSDT
2026-04-28 11:00:00+00:00,1,-0.0013625300199462313,-0.003213037898414721,stop,DOGEUSDT/SUIUSDT
2026-04-28 13:00:00+00:00,1,-0.0021103314981659287,-0.003960839376634418,stop,DOGEUSDT/SUIUSDT
2026-08-19 15:00:00+00:00,6,-0.024102120125155772,-0.026059698485855678,stop,DOGEUSDT/SUIUSDT
2026-08-19 22:00:00+00:00,2,-0.005380623463394792,-0.007338201824094699,stop,DOGEUSDT/SUIUSDT
2026-08-20 03:00:00+00:00,3,-0.0033410506444261703,-0.005298629005126077,stop,DOGEUSDT/SUIUSDT
2026-08-25 17:00:00+00:00,72,-0.0050921486082029024,-0.006706249148687796,time,DOGEUSDT/SUIUSDT
2026-08-28 18:00:00+00:00,72,0.000255425433362118,-0.0013508644014836744,time,DOGEUSDT/SUIUSDT
2026-08-31 19:00:00+00:00,55,0.04054823740561603,0.038941947570770234,revert,DOGEUSDT/SUIUSDT
2026-09-19 10:00:00+00:00,30,-0.0297100483683038,-0.031311370105381944,stop,DOGEUSDT/SUIUSDT
2026-09-20 17:00:00+00:00,7,-0.005649074805747327,-0.007250396542825468,stop,DOGEUSDT/SUIUSDT
2026-09-21 15:00:00+00:00,9,-0.0009178659963339254,-0.0025191877334120663,revert,DOGEUSDT/SUIUSDT
2025-02-15 13:00:00+00:00,39,0.030151412484209817,0.028241189470744884,revert,DOGEUSDT/TONUSDT
2024-12-18 20:00:00+00:00,22,-0.0980239458677836,-0.09945986643103254,stop,DOGEUSDT/TRXUSDT
2024-12-19 22:00:00+00:00,1,-0.02165175475999641,-0.023087675323245353,stop,DOGEUSDT/TRXUSDT
2026-04-25 01:00:00+00:00,72,-0.0004108027756567277,-0.0028494638335051247,time,DOGEUSDT/TRXUSDT
2026-04-28 03:00:00+00:00,28,-0.029996005864032036,-0.03244353213620212,stop,DOGEUSDT/TRXUSDT
2026-04-29 15:00:00+00:00,8,-0.0024804527827616035,-0.004927979054931692,stop,DOGEUSDT/TRXUSDT
2026-07-23 17:00:00+00:00,72,0.028809792950914733,0.026757764865609372,time,DOGEUSDT/TRXUSDT
2021-12-01 00:00:00+00:00,72,0.006466771653715946,0.004740529049081598,time,DOGEUSDT/UNIUSDT
2021-12-04 05:00:00+00:00,72,0.038338876182586315,0.036611259928446306,time,DOGEUSDT/UNIUSDT
2023-06-06 05:00:00+00:00,12,0.02111143453611667,0.01946771477181893,revert,DOGEUSDT/UNIUSDT
2023-06-06 18:00:00+00:00,15,0.022700999631081617,0.020868296105693306,revert,DOGEUSDT/UNIUSDT
2023-06-09 12:00:00+00:00,17,0.010885035144570746,0.00904318853459082,revert,DOGEUSDT/UNIUSDT
2023-06-10 09:00:00+00:00,16,0.008654673775449286,0.007033260982101233,revert,DOGEUSDT/UNIUSDT
2023-06-12 14:00:00+00:00,22,-0.025150457221753537,-0.02679106202278318,stop,DOGEUSDT/UNIUSDT
2023-06-13 13:00:00+00:00,27,-0.018328317983411502,-0.019980578978852928,stop,DOGEUSDT/UNIUSDT
2023-08-29 15:00:00+00:00,72,-0.0059145111805609454,-0.007749958620916426,time,DOGEUSDT/UNIUSDT
2023-09-01 16:00:00+00:00,72,0.010479854135575868,0.008644406695220389,time,DOGEUSDT/UNIUSDT
2023-09-04 17:00:00+00:00,72,0.003891855688334659,0.002056408247979178,time,DOGEUSDT/UNIUSDT
2023-09-07 21:00:00+00:00,72,-0.002272256592752389,-0.00410770403310787,time,DOGEUSDT/UNIUSDT
2023-09-10 22:00:00+00:00,72,0.004984589238522842,0.0031491417981673615,time,DOGEUSDT/UNIUSDT
2025-07-11 17:00:00+00:00,60,0.030902983016344705,0.029091320896400714,revert,DOGEUSDT/UNIUSDT
2025-07-16 21:00:00+00:00,72,-0.021277588667736914,-0.023079926490316788,time,DOGEUSDT/UNIUSDT
2025-12-01 15:00:00+00:00,24,0.042412423021396084,0.04092771758203807,revert,DOGEUSDT/VIRTUALUSDT
2025-12-26 14:00:00+00:00,72,0.010177882794451708,0.008639414090694832,time,DOGEUSDT/VIRTUALUSDT
2025-12-29 18:00:00+00:00,72,0.014052897250937398,0.01251442854718052,time,DOGEUSDT/VIRTUALUSDT
2026-02-05 15:00:00+00:00,72,0.013477812349871908,0.011889925221287394,time,DOGEUSDT/VIRTUALUSDT
2026-02-11 13:00:00+00:00,46,0.019595673819128925,0.017977671264548946,revert,DOGEUSDT/VIRTUALUSDT
2026-02-14 01:00:00+00:00,7,-0.02799052172831686,-0.02962072749078424,stop,DOGEUSDT/VIRTUALUSDT
2026-02-14 11:00:00+00:00,8,0.04115826311308486,0.03952805735061748,revert,DOGEUSDT/VIRTUALUSDT
2026-02-15 03:00:00+00:00,16,0.028279274077717464,0.026479428897107977,revert,DOGEUSDT/VIRTUALUSDT
2026-02-17 01:00:00+00:00,72,0.00029242214547265354,-0.0013440289303886604,time,DOGEUSDT/VIRTUALUSDT
2024-02-21 09:00:00+00:00,72,0.012865830802425732,0.011602610611426969,time,DOGEUSDT/WLDUSDT
2024-12-18 20:00:00+00:00,21,-0.07860715633224978,-0.08006223202034254,stop,DOGEUSDT/XLMUSDT
2025-12-26 16:00:00+00:00,72,-0.0034586399572670793,-0.005665689231235577,time,DOGEUSDT/XLMUSDT
2025-12-29 17:00:00+00:00,45,0.0223483751853046,0.020141325911336105,revert,DOGEUSDT/XLMUSDT
2026-07-24 13:00:00+00:00,27,0.04444981886669349,0.043099807918423924,revert,DOGEUSDT/XPLUSDT
2026-08-19 20:00:00+00:00,1,-0.01930766199985827,-0.021307270671992326,stop,DOGEUSDT/XPLUSDT
2026-08-19 22:00:00+00:00,10,-0.016623420341730033,-0.01862302901386409,stop,DOGEUSDT/XPLUSDT
2026-08-26 14:00:00+00:00,72,-0.003888407920732387,-0.005595113344987119,time,DOGEUSDT/XPLUSDT
2022-10-13 10:00:00+00:00,72,0.03492438261811777,0.03363464738889706,time,DOGEUSDT/XRPUSDT
2023-01-31 00:00:00+00:00,7,-0.02433449662185242,-0.02606911236945533,stop,DOGEUSDT/XRPUSDT
2023-01-31 08:00:00+00:00,72,0.02285969388587345,0.021125078138270543,time,DOGEUSDT/XRPUSDT
2023-02-03 17:00:00+00:00,72,-0.007592003989769525,-0.009326619737372433,time,DOGEUSDT/XRPUSDT
2023-02-06 18:00:00+00:00,72,0.034168534694467984,0.03243391894686508,revert,DOGEUSDT/XRPUSDT
2023-03-03 21:00:00+00:00,72,-0.005083929803296692,-0.006956049459892279,time,DOGEUSDT/XRPUSDT
2023-03-07 12:00:00+00:00,21,-0.021005997900341987,-0.02292980490609603,stop,DOGEUSDT/XRPUSDT
2023-05-17 00:00:00+00:00,62,-0.026888887371121186,-0.02869356987389201,stop,DOGEUSDT/XRPUSDT
2023-05-19 15:00:00+00:00,31,-0.005614859938705299,-0.007416855698414776,stop,DOGEUSDT/XRPUSDT
2023-05-20 23:00:00+00:00,7,-0.0010179610582487712,-0.002819956817958248,stop,DOGEUSDT/XRPUSDT
2023-05-21 07:00:00+00:00,22,-0.006652460153397225,-0.008454455913106703,stop,DOGEUSDT/XRPUSDT
2023-05-22 08:00:00+00:00,38,-0.0009604245716540788,-0.0027624203313635553,stop,DOGEUSDT/XRPUSDT
2023-05-23 23:00:00+00:00,4,-0.0009623915979021843,-0.002764387357611661,stop,DOGEUSDT/XRPUSDT
2023-05-24 08:00:00+00:00,3,-0.003508456294984189,-0.005310452054693666,stop,DOGEUSDT/XRPUSDT
2023-05-24 12:00:00+00:00,14,-0.0034096540444277916,-0.0052116498041372685,stop,DOGEUSDT/XRPUSDT
2023-05-25 06:00:00+00:00,18,-0.011080322116762405,-0.012882317876471882,stop,DOGEUSDT/XRPUSDT
2023-07-21 13:00:00+00:00,28,0.0419303164294036,0.039845052803802156,revert,DOGEUSDT/XRPUSDT
2023-07-24 07:00:00+00:00,33,-0.04135759144296262,-0.04343262463262833,stop,DOGEUSDT/XRPUSDT
2024-02-19 19:00:00+00:00,13,0.016222176864630216,0.014417533497458786,revert,DOGEUSDT/XRPUSDT
2024-02-26 15:00:00+00:00,16,-0.02303799002346103,-0.0248223288709635,stop,DOGEUSDT/XRPUSDT
2024-12-18 20:00:00+00:00,21,-0.08598083619162555,-0.08726513616670725,stop,DOGEUSDT/XRPUSDT
2025-07-19 03:00:00+00:00,39,-0.04338928791462664,-0.045204214908556674,stop,DOGEUSDT/XRPUSDT
2026-04-26 11:00:00+00:00,42,-0.018236570914342814,-0.020050684255993465,stop,DOGEUSDT/XRPUSDT
2026-04-28 06:00:00+00:00,8,-0.002248517939188616,-0.004058582187097792,stop,DOGEUSDT/XRPUSDT
2026-07-23 15:00:00+00:00,62,0.04074279637328774,0.039236232818996415,revert,DOGEUSDT/XRPUSDT
2026-09-05 17:00:00+00:00,72,0.027259656733553315,0.025414880464078405,time,DOGEUSDT/XRPUSDT
2026-09-14 18:00:00+00:00,69,0.023290830580250728,0.0216640082998236,revert,DOGEUSDT/XRPUSDT
2026-08-29 14:00:00+00:00,72,-0.02781000315584448,-0.02940855318561275,time,DOGEUSDT/ZECUSDT
2026-09-01 15:00:00+00:00,65,-0.02486578811672123,-0.0264643381464895,stop,DOGEUSDT/ZECUSDT
2023-04-20 16:00:00+00:00,72,-0.01398751037821409,-0.01560314363303432,time,DOTUSDT/ETHUSDT
2023-04-23 17:00:00+00:00,1,-0.003141662876355041,-0.004757296131175271,stop,DOTUSDT/ETHUSDT
2023-04-23 19:00:00+00:00,72,-0.0033235517747126657,-0.004939185029532896,stop,DOTUSDT/ETHUSDT
2023-04-26 21:00:00+00:00,1,-0.0015432710385147805,-0.0031589042933350105,stop,DOTUSDT/ETHUSDT
2023-04-26 23:00:00+00:00,31,-0.0024439555112342045,-0.0040595887660544346,stop,DOTUSDT/ETHUSDT
2023-04-28 15:00:00+00:00,53,-0.0013371083956744939,-0.002952741650494724,stop,DOTUSDT/ETHUSDT
2023-04-30 21:00:00+00:00,16,-0.0027662665132017865,-0.0043818997680220165,stop,DOTUSDT/ETHUSDT
2023-05-01 14:00:00+00:00,1,-0.0030832367010414185,-0.004698869955861648,stop,DOTUSDT/ETHUSDT
2023-06-07 09:00:00+00:00,64,-0.02818365626301309,-0.029697716420619823,stop,DOTUSDT/ETHUSDT
2023-09-28 15:00:00+00:00,72,-0.001232576187411679,-0.003004652452817387,time,DOTUSDT/ETHUSDT
2023-10-01 16:00:00+00:00,72,0.001883988034458316,0.00011191176905260818,time,DOTUSDT/ETHUSDT
2023-10-04 17:00:00+00:00,72,0.0050289346266045604,0.0032568583611988526,time,DOTUSDT/ETHUSDT
2023-05-31 05:00:00+00:00,44,-0.022215132025566877,-0.023794888057692025,stop,DOTUSDT/FILUSDT
2023-06-05 15:00:00+00:00,72,0.0060591174606363365,0.0045344481229316,time,DOTUSDT/FILUSDT
2023-06-08 16:00:00+00:00,36,-0.07491921244159624,-0.07639709125393362,stop,DOTUSDT/FILUSDT
2023-05-28 12:00:00+00:00,72,-0.000594148701369316,-0.0026279435201978377,time,DOTUSDT/ICPUSDT
2023-05-31 13:00:00+00:00,72,0.012352446181898818,0.010318651363070298,time,DOTUSDT/ICPUSDT
2023-06-03 23:00:00+00:00,25,0.0030284019129660665,0.0009946070941375448,revert,DOTUSDT/ICPUSDT
2023-06-15 06:00:00+00:00,4,-0.01295754063995367,-0.014664443970074353,stop,DOTUSDT/LINKUSDT
2023-06-15 12:00:00+00:00,3,-0.0023894271428479023,-0.004096330472968586,stop,DOTUSDT/LINKUSDT
2023-07-17 16:00:00+00:00,6,-0.01994250885279684,-0.021637207718535962,stop,DOTUSDT/LINKUSDT
2023-07-18 00:00:00+00:00,6,-0.004215442431746192,-0.005899972117724722,stop,DOTUSDT/LINKUSDT
2023-07-18 10:00:00+00:00,6,-0.003652866022621052,-0.005337395708599582,stop,DOTUSDT/LINKUSDT
2023-07-18 20:00:00+00:00,2,-0.0011423181098531511,-0.0028268477958316805,stop,DOTUSDT/LINKUSDT
2023-07-18 23:00:00+00:00,17,-0.0020428208334936013,-0.0037273505194721306,stop,DOTUSDT/LINKUSDT
2023-07-19 17:00:00+00:00,2,-0.001497958136111565,-0.0031824878220900943,stop,DOTUSDT/LINKUSDT
2023-07-19 20:00:00+00:00,11,-0.01410783541429169,-0.01579236510027022,stop,DOTUSDT/LINKUSDT
2023-04-25 15:00:00+00:00,72,0.009874746316217823,0.008065107422669401,time,DOTUSDT/LTCUSDT
2023-06-07 14:00:00+00:00,60,-0.03397625861056662,-0.0353605778079184,stop,DOTUSDT/LTCUSDT
2023-10-20 08:00:00+00:00,72,-0.004852082945428108,-0.006755291583909658,time,DOTUSDT/LTCUSDT
2023-10-24 02:00:00+00:00,41,0.02402833544683669,0.02213193061162282,revert,DOTUSDT/LTCUSDT
2023-10-30 22:00:00+00:00,45,-0.023753706220047334,-0.025496609074086712,stop,DOTUSDT/LTCUSDT
2023-11-01 21:00:00+00:00,72,0.0011334001525621024,-0.0005998520323968401,time,DOTUSDT/LTCUSDT
2023-11-04 22:00:00+00:00,72,0.009609971709089827,0.007876719524130885,time,DOTUSDT/LTCUSDT
2023-11-07 23:00:00+00:00,42,-0.016954040580077066,-0.018687292765036008,stop,DOTUSDT/LTCUSDT
2023-11-09 18:00:00+00:00,12,-0.0025211595768929833,-0.004254411761851926,stop,DOTUSDT/LTCUSDT
2025-09-09 00:00:00+00:00,72,-0.016742459652280727,-0.018681169466491145,time,DOTUSDT/LTCUSDT
2025-09-12 01:00:00+00:00,26,-0.008822928026828101,-0.010761637841038521,stop,DOTUSDT/LTCUSDT
2025-05-09 16:00:00+00:00,10,-0.0260676946307951,-0.02817550509632031,stop,DOTUSDT/NEARUSDT
2025-05-10 03:00:00+00:00,1,-0.008807003043097875,-0.010914813508623087,stop,DOTUSDT/NEARUSDT
2025-05-10 13:00:00+00:00,1,-0.006683732014329433,-0.008791542479854645,stop,DOTUSDT/NEARUSDT
2025-05-10 15:00:00+00:00,11,0.04057562319467648,0.03846781272915127,revert,DOTUSDT/NEARUSDT
2025-05-11 10:00:00+00:00,72,-0.007159749346392927,-0.009267559811918138,time,DOTUSDT/NEARUSDT
2025-05-14 11:00:00+00:00,72,-0.0032875794173648984,-0.0053953898828901095,time,DOTUSDT/NEARUSDT
2025-05-17 12:00:00+00:00,72,0.013009417422617686,0.010901606957092476,time,DOTUSDT/NEARUSDT
2025-05-20 14:00:00+00:00,72,0.00675575800698866,0.004647947541463449,time,DOTUSDT/NEARUSDT
2023-06-07 14:00:00+00:00,62,-0.06598336965138203,-0.06750760675501113,stop,DOTUSDT/SOLUSDT
2023-08-19 06:00:00+00:00,13,-0.025560708876410328,-0.027209417913292816,stop,DOTUSDT/SUIUSDT
2023-08-19 21:00:00+00:00,1,-0.00273598854008874,-0.004384697576971229,stop,DOTUSDT/SUIUSDT
2023-09-29 09:00:00+00:00,72,0.011882703311926065,0.010220367080787746,time,DOTUSDT/SUIUSDT
2023-10-09 16:00:00+00:00,48,-0.014274291898911677,-0.015880081783255614,stop,DOTUSDT/SUIUSDT
2023-10-11 18:00:00+00:00,2,-0.0040218946283566695,-0.005627684512700606,stop,DOTUSDT/SUIUSDT
2023-10-11 23:00:00+00:00,2,-0.0028192036999456285,-0.004424993584289565,stop,DOTUSDT/SUIUSDT
2023-06-10 03:00:00+00:00,1,-0.017601030078115566,-0.019304528460594723,stop,DOTUSDT/UNIUSDT
2023-06-10 08:00:00+00:00,7,-0.007806676431257195,-0.009510174813736352,stop,DOTUSDT/UNIUSDT
2023-06-10 17:00:00+00:00,12,-0.002690520277620353,-0.004394018660099511,stop,DOTUSDT/UNIUSDT
2023-06-11 10:00:00+00:00,3,-0.004136484726499865,-0.005839983108979022,stop,DOTUSDT/UNIUSDT
2023-06-11 14:00:00+00:00,1,-0.0020653380194431553,-0.003768836401922313,stop,DOTUSDT/UNIUSDT
2023-06-11 16:00:00+00:00,2,-0.0032467341288007537,-0.004950232511279911,stop,DOTUSDT/UNIUSDT
2023-06-11 19:00:00+00:00,12,-0.003950617143921314,-0.005654115526400471,stop,DOTUSDT/UNIUSDT
2023-06-12 08:00:00+00:00,1,-0.002089677430715843,-0.0037931758131950007,stop,DOTUSDT/UNIUSDT
2023-06-12 10:00:00+00:00,5,-0.00043708968752671643,-0.002140588070005874,stop,DOTUSDT/UNIUSDT
2023-08-28 23:00:00+00:00,63,0.020994437483770945,0.018949529561364413,revert,DOTUSDT/UNIUSDT
2023-08-16 13:00:00+00:00,59,0.002839528183840312,0.0012385455889638148,revert,DOTUSDT/XRPUSDT
2023-08-20 10:00:00+00:00,72,0.00041837081401740334,-0.0012470399049420698,time,DOTUSDT/XRPUSDT
2023-09-18 20:00:00+00:00,31,-0.019085066708371175,-0.020980946050699594,stop,DOTUSDT/XRPUSDT
2023-09-20 06:00:00+00:00,9,-0.003907926214451053,-0.005804759383219814,stop,DOTUSDT/XRPUSDT
2023-09-20 20:00:00+00:00,1,-0.004331342151648464,-0.006228175320417225,stop,DOTUSDT/XRPUSDT
2024-01-28 23:00:00+00:00,45,-0.02176748190481842,-0.023506196591971368,stop,DOTUSDT/XRPUSDT
2024-01-30 21:00:00+00:00,66,-0.012121505028995457,-0.013862997707211454,stop,DOTUSDT/XRPUSDT
2024-02-02 17:00:00+00:00,72,0.018342847770393453,0.01659349621578248,time,DOTUSDT/XRPUSDT
2024-02-05 18:00:00+00:00,72,-0.007034091854512026,-0.008783443409122998,time,DOTUSDT/XRPUSDT
2024-02-08 19:00:00+00:00,72,0.005269563710711023,0.0035202121561000517,time,DOTUSDT/XRPUSDT
2024-02-11 20:00:00+00:00,54,-0.0182042481774014,-0.01995359973201237,stop,DOTUSDT/XRPUSDT
2024-02-14 17:00:00+00:00,72,0.01874355847044327,0.0169942069158323,time,DOTUSDT/XRPUSDT
2024-02-17 18:00:00+00:00,72,0.005645681547172531,0.00389632999256156,time,DOTUSDT/XRPUSDT
2024-02-20 22:00:00+00:00,72,-0.01669768522427019,-0.01844703677888116,time,DOTUSDT/XRPUSDT
2024-02-23 23:00:00+00:00,3,-0.001364053219627642,-0.003113404774238613,stop,DOTUSDT/XRPUSDT
2024-02-24 03:00:00+00:00,1,-0.0025485198450798316,-0.004297871399690803,stop,DOTUSDT/XRPUSDT
2024-02-24 05:00:00+00:00,1,-0.0046049544478868115,-0.006354306002497782,stop,DOTUSDT/XRPUSDT
2024-02-24 09:00:00+00:00,4,-0.0034101434103140766,-0.0051594949649250476,stop,DOTUSDT/XRPUSDT
2024-02-24 16:00:00+00:00,5,-0.0039776787862969955,-0.005727030340907966,stop,DOTUSDT/XRPUSDT
2025-01-03 18:00:00+00:00,72,0.025171231467942118,0.02310134394818245,time,ENAUSDT/ETHUSDT
2025-01-24 01:00:00+00:00,72,0.0029717951045051573,0.001073073516862047,time,ENAUSDT/ETHUSDT
2025-01-28 09:00:00+00:00,72,-0.002675091751925932,-0.004577077613666039,time,ENAUSDT/ETHUSDT
2025-01-31 12:00:00+00:00,58,0.0412172713188181,0.03930836874119609,revert,ENAUSDT/ETHUSDT
2025-06-26 00:00:00+00:00,72,-0.006607739895321034,-0.008684350324482315,time,ENAUSDT/LTCUSDT
2025-06-29 01:00:00+00:00,72,0.00938056724933389,0.00730167174056748,time,ENAUSDT/LTCUSDT
2025-07-02 14:00:00+00:00,17,-0.023907215390419935,-0.025986110899186343,stop,ENAUSDT/LTCUSDT
2025-07-03 21:00:00+00:00,13,-0.005017616209897005,-0.007096511718663415,stop,ENAUSDT/LTCUSDT
2025-07-04 13:00:00+00:00,1,-0.0009866088327964212,-0.0030655043415628307,stop,ENAUSDT/LTCUSDT
2025-07-04 15:00:00+00:00,1,-0.0029906644245811225,-0.0050695599333475325,stop,ENAUSDT/LTCUSDT
2025-07-04 19:00:00+00:00,25,-0.004094366872726881,-0.006173262381493291,stop,ENAUSDT/LTCUSDT
2025-01-03 19:00:00+00:00,72,0.032638263964658194,0.030029555000005547,time,ENAUSDT/SHIBUSDT
2025-01-08 21:00:00+00:00,72,-0.04579268705855362,-0.0476694120640666,time,ENAUSDT/SUIUSDT
2025-01-11 22:00:00+00:00,43,-0.026001225851608863,-0.02787657105771584,stop,ENAUSDT/SUIUSDT
2025-02-06 09:00:00+00:00,59,0.05588587451897155,0.05397944424786073,revert,ENAUSDT/SUIUSDT
2025-07-03 10:00:00+00:00,72,-0.014553658106761794,-0.01646422868743694,time,ENAUSDT/SUIUSDT
2025-07-06 11:00:00+00:00,72,0.016495026012074105,0.014584455431398958,time,ENAUSDT/SUIUSDT
2025-07-09 12:00:00+00:00,29,-0.028996168210715996,-0.030906738791391143,stop,ENAUSDT/SUIUSDT
2025-07-10 20:00:00+00:00,8,0.06439408896726749,0.06248351838659234,revert,ENAUSDT/SUIUSDT
2025-07-06 08:00:00+00:00,12,0.04348761084986753,0.041192756334780464,revert,ENAUSDT/TONUSDT
2025-07-16 23:00:00+00:00,31,0.06368509924526364,0.061741297823837464,revert,ENAUSDT/UNIUSDT
2025-01-22 15:00:00+00:00,72,0.052846906083822046,0.05092497767489208,time,ENAUSDT/WLDUSDT
2025-01-04 13:00:00+00:00,72,0.05188792639652067,0.04985476021750251,time,ENAUSDT/XRPUSDT
2025-07-20 02:00:00+00:00,13,-0.06624245842764444,-0.06820942653249702,stop,ENAUSDT/XRPUSDT
2025-07-20 17:00:00+00:00,1,-0.0064243062552085456,-0.008391274360061127,stop,ENAUSDT/XRPUSDT
2025-07-20 20:00:00+00:00,2,-0.004323104331069314,-0.006290072435921895,stop,ENAUSDT/XRPUSDT
2025-07-20 23:00:00+00:00,1,-0.00668884476272262,-0.008655812867575201,stop,ENAUSDT/XRPUSDT
2025-07-21 01:00:00+00:00,2,-0.0030354364160282013,-0.005002404520880782,stop,ENAUSDT/XRPUSDT
2025-07-21 06:00:00+00:00,7,-0.03889867694452698,-0.04086564504937956,stop,ENAUSDT/XRPUSDT
2022-03-04 07:00:00+00:00,72,-0.02801183463436392,-0.029504148168300565,time,ETHUSDT/FETUSDT
2022-03-07 08:00:00+00:00,72,0.0040396855622800674,0.0025473720283434222,time,ETHUSDT/FETUSDT
2022-03-10 09:00:00+00:00,72,-0.005174743079923472,-0.0066670566138601174,time,ETHUSDT/FETUSDT
2022-03-13 10:00:00+00:00,72,0.03777036099153724,0.03627804745760059,time,ETHUSDT/FETUSDT
2023-01-14 00:00:00+00:00,1,-0.0071169945948805925,-0.009060778506392936,stop,ETHUSDT/FETUSDT
2023-01-14 03:00:00+00:00,3,-0.007177998601849455,-0.0091217825133618,stop,ETHUSDT/FETUSDT
2023-01-14 07:00:00+00:00,1,-0.004675977565584404,-0.0066197614770967484,stop,ETHUSDT/FETUSDT
2023-01-14 09:00:00+00:00,13,-0.01738098992173903,-0.019324773833251374,stop,ETHUSDT/FETUSDT
2023-02-05 13:00:00+00:00,7,-0.05924236065582607,-0.06063635868511347,stop,ETHUSDT/FETUSDT
2023-06-04 21:00:00+00:00,72,-0.008054159561855484,-0.009777986058604528,time,ETHUSDT/FILUSDT
2023-06-07 22:00:00+00:00,16,-0.005879991868689305,-0.007592272473628323,stop,ETHUSDT/FILUSDT
2023-11-02 19:00:00+00:00,29,0.018642309182030373,0.017174887142342377,revert,ETHUSDT/FILUSDT
2024-01-10 00:00:00+00:00,21,-0.04231103167247294,-0.044222184241681305,stop,ETHUSDT/FILUSDT
2024-01-10 09:00:00+00:00,14,-0.06265621525612453,-0.06464779134132376,stop,ETHUSDT/ICPUSDT
2022-10-23 22:00:00+00:00,41,-0.026054367156129982,-0.027887509443439498,stop,ETHUSDT/LINKUSDT
2023-01-27 05:00:00+00:00,72,0.0017009756399441467,2.8369650851037655e-05,time,ETHUSDT/LINKUSDT
2023-08-19 00:00:00+00:00,72,0.0012428934382972229,-6.992019274906086e-05,time,ETHUSDT/LINKUSDT
2023-08-22 01:00:00+00:00,20,-0.017864120927545288,-0.019176934558591572,stop,ETHUSDT/LINKUSDT
2023-08-22 23:00:00+00:00,12,-0.002413533778690632,-0.003726347409736916,stop,ETHUSDT/LINKUSDT
2023-08-23 13:00:00+00:00,72,0.01299773522783666,0.011684921596790377,time,ETHUSDT/LINKUSDT
2023-08-26 14:00:00+00:00,10,-0.0005987979184871376,-0.0019116115495334213,revert,ETHUSDT/LINKUSDT
2023-12-13 01:00:00+00:00,72,-0.004316661677387272,-0.005923228857965386,time,ETHUSDT/LINKUSDT
2023-12-16 02:00:00+00:00,72,0.011005536662166375,0.00939896948158826,time,ETHUSDT/LINKUSDT
2023-12-19 04:00:00+00:00,72,0.022861770174263815,0.0212552029936857,time,ETHUSDT/LINKUSDT
2024-01-02 08:00:00+00:00,34,0.029324944177356503,0.027560087327927477,revert,ETHUSDT/LINKUSDT
2024-01-06 04:00:00+00:00,72,-0.010720469687448934,-0.01246288651677151,time,ETHUSDT/LINKUSDT
2024-01-09 05:00:00+00:00,16,-0.015874876565255977,-0.017617293394578553,stop,ETHUSDT/LINKUSDT
2023-06-21 16:00:00+00:00,72,0.007965078431079284,0.006193309611650426,time,ETHUSDT/LTCUSDT
2023-10-24 03:00:00+00:00,72,-0.007762410501644221,-0.00940203820842524,time,ETHUSDT/LTCUSDT
2023-10-27 04:00:00+00:00,72,0.004594425117801814,0.0029887357207509153,time,ETHUSDT/LTCUSDT
2023-11-01 14:00:00+00:00,15,0.014445760825797493,0.01285992788405195,revert,ETHUSDT/LTCUSDT
2023-11-06 16:00:00+00:00,72,0.05026766471072376,0.048550273966796516,stop,ETHUSDT/LTCUSDT
2024-08-14 14:00:00+00:00,26,-0.028257564321032963,-0.02999420563706566,stop,ETHUSDT/LTCUSDT
2026-06-06 00:00:00+00:00,19,0.02151299932675292,0.01984423424613705,revert,ETHUSDT/LTCUSDT
2026-06-07 20:00:00+00:00,47,0.014622019004715972,0.01301968426975291,revert,ETHUSDT/LTCUSDT
2022-09-12 10:00:00+00:00,67,0.02236621190767981,0.020648142421429073,revert,ETHUSDT/NEARUSDT
2022-09-15 14:00:00+00:00,39,-0.023820687418293726,-0.025538756904544463,stop,ETHUSDT/NEARUSDT
2022-09-17 16:00:00+00:00,5,-0.004618440221784299,-0.006336509708035036,stop,ETHUSDT/NEARUSDT
2022-09-17 23:00:00+00:00,1,-0.004831083538567576,-0.006549153024818313,stop,ETHUSDT/NEARUSDT
2022-10-23 22:00:00+00:00,42,-0.038839730895611296,-0.040815876905902236,stop,ETHUSDT/NEARUSDT
2024-01-10 00:00:00+00:00,21,-0.04615301160102522,-0.048144830633155646,stop,ETHUSDT/NEARUSDT
2026-07-04 00:00:00+00:00,72,-0.014530324355394655,-0.016452762589585508,time,ETHUSDT/NEARUSDT
2026-07-07 01:00:00+00:00,72,-0.007431395561548541,-0.009353833795739395,time,ETHUSDT/NEARUSDT
2026-07-10 02:00:00+00:00,8,-0.00998397207324827,-0.011906410307439124,stop,ETHUSDT/NEARUSDT
2025-05-08 15:00:00+00:00,5,-0.05208291917136221,-0.053982584074336794,stop,ETHUSDT/PENGUUSDT
2024-01-10 09:00:00+00:00,14,-0.061645343729377675,-0.06363301416557275,stop,ETHUSDT/SEIUSDT
2024-01-10 00:00:00+00:00,21,-0.04686101275563213,-0.04880527562856308,stop,ETHUSDT/SOLUSDT
2025-01-16 11:00:00+00:00,41,-0.030032926346942622,-0.03156471109430273,stop,ETHUSDT/SOLUSDT
2025-05-16 22:00:00+00:00,40,0.024607851500817277,0.023116628310854835,revert,ETHUSDT/SOLUSDT
2025-05-19 06:00:00+00:00,61,0.025862522437759695,0.024397558725477254,revert,ETHUSDT/SOLUSDT
2025-05-29 04:00:00+00:00,36,-0.03097292039435286,-0.03244490002674425,stop,ETHUSDT/SOLUSDT
2025-05-30 18:00:00+00:00,4,-0.008363734589808158,-0.00983571422219955,stop,ETHUSDT/SOLUSDT
2023-08-17 14:00:00+00:00,1,-0.01787043065364929,-0.019039344583610583,stop,ETHUSDT/SUIUSDT
2025-05-08 10:00:00+00:00,9,-0.0554682134611707,-0.05729495952821484,stop,ETHUSDT/SUIUSDT
2025-06-10 11:00:00+00:00,61,0.07857050203747212,0.076595569120713,revert,ETHUSDT/SUIUSDT
2026-05-13 15:00:00+00:00,25,0.033675897210637476,0.03262707783207018,revert,ETHUSDT/SUIUSDT
2026-08-19 14:00:00+00:00,1,-0.05234168678224113,-0.054279774380133566,stop,ETHUSDT/SUIUSDT
2026-09-19 00:00:00+00:00,72,-0.013458228105589217,-0.015376831703494997,time,ETHUSDT/SUIUSDT
2026-09-19 00:00:00+00:00,63,-0.04424687966863095,-0.04622207381032244,stop,ETHUSDT/TRUMPUSDT
2025-06-05 23:00:00+00:00,72,0.010552572416714956,0.007526376192465862,time,ETHUSDT/TRXUSDT
2025-06-10 22:00:00+00:00,50,0.049019670535794674,0.046823410369154404,revert,ETHUSDT/TRXUSDT
2025-09-22 04:00:00+00:00,11,-0.016531217652170242,-0.01895886809771818,stop,ETHUSDT/TRXUSDT
2025-09-22 20:00:00+00:00,68,-0.01927072508126516,-0.0216983755268131,stop,ETHUSDT/TRXUSDT
2026-01-14 20:00:00+00:00,21,0.021783466696799463,0.01942338505068086,revert,ETHUSDT/TRXUSDT
2026-05-07 14:00:00+00:00,63,0.005437120161451501,0.0031691457726372553,revert,ETHUSDT/TRXUSDT
2026-08-19 14:00:00+00:00,1,-0.05839137250175509,-0.060399851297331504,stop,ETHUSDT/TUTUSDT
2023-08-29 14:00:00+00:00,72,0.009033771132631627,0.0072213656119679195,time,ETHUSDT/UNIUSDT
2023-09-11 19:00:00+00:00,15,0.021472017058161895,0.020117582606804307,revert,ETHUSDT/UNIUSDT
2023-10-16 22:00:00+00:00,14,-0.011346597365785843,-0.013052020318020266,stop,ETHUSDT/UNIUSDT
2025-06-13 00:00:00+00:00,72,-0.0016716857492803383,-0.003023576868646535,time,ETHUSDT/UNIUSDT
2025-06-16 01:00:00+00:00,39,-0.03062075189855018,-0.03197264301791638,stop,ETHUSDT/UNIUSDT
2025-06-17 19:00:00+00:00,3,-0.00446118873203661,-0.005813079851402806,stop,ETHUSDT/UNIUSDT
2025-11-04 17:00:00+00:00,4,-0.02700298987940159,-0.02845186136657204,stop,ETHUSDT/UNIUSDT
2025-11-04 23:00:00+00:00,72,-0.023409869758570737,-0.024858741245741185,time,ETHUSDT/UNIUSDT
2026-08-19 14:00:00+00:00,1,-0.05737060816306468,-0.059370058249589776,stop,ETHUSDT/UNIUSDT
2026-09-19 16:00:00+00:00,52,-0.04844233554458831,-0.05041677866537574,stop,ETHUSDT/UNIUSDT
2026-09-21 21:00:00+00:00,1,-0.002518149749641317,-0.004494279336653504,stop,ETHUSDT/UNIUSDT
2024-04-08 12:00:00+00:00,72,-0.020854993870551442,-0.022602888606867468,time,ETHUSDT/WLDUSDT
2024-04-11 13:00:00+00:00,72,0.01628569264858358,0.014537797912267553,time,ETHUSDT/WLDUSDT
2024-04-14 14:00:00+00:00,72,0.03083330951615801,0.02908541477984198,time,ETHUSDT/WLDUSDT
2025-01-22 15:00:00+00:00,42,0.04730728666840809,0.045929255610254065,revert,ETHUSDT/WLDUSDT
2025-11-23 17:00:00+00:00,72,0.007221888138239367,0.004979725563444526,time,ETHUSDT/XLMUSDT
2026-08-19 14:00:00+00:00,1,-0.05287773220659163,-0.05482269411395063,stop,ETHUSDT/XPLUSDT
2026-08-25 20:00:00+00:00,72,-0.03315385287193707,-0.03477205555385159,time,ETHUSDT/XPLUSDT
2026-08-28 21:00:00+00:00,72,-0.003021673386941129,-0.0046289148019840656,time,ETHUSDT/XPLUSDT
2026-08-31 22:00:00+00:00,11,-0.01368744255058253,-0.015294683965625467,stop,ETHUSDT/XPLUSDT
2026-09-01 11:00:00+00:00,72,0.09734486891328173,0.09573762749823879,revert,ETHUSDT/XPLUSDT
2022-09-16 13:00:00+00:00,6,-0.02497067557743727,-0.026725186601064363,stop,ETHUSDT/XRPUSDT
2023-08-17 02:00:00+00:00,13,-0.02498231302854282,-0.026141219481844235,stop,ETHUSDT/XRPUSDT
2023-09-20 19:00:00+00:00,72,-0.004777229359579803,-0.006226746930268923,time,ETHUSDT/XRPUSDT
2023-09-23 20:00:00+00:00,72,0.0021878380319090996,0.000746610024870923,time,ETHUSDT/XRPUSDT
2023-09-26 21:00:00+00:00,33,0.01459235439112285,0.013151126384084673,revert,ETHUSDT/XRPUSDT
2023-10-26 07:00:00+00:00,72,0.009515740575532998,0.007843127891263202,time,ETHUSDT/XRPUSDT
2024-07-03 08:00:00+00:00,32,0.016990243067562964,0.015301541763015866,revert,ETHUSDT/XRPUSDT
2024-07-05 02:00:00+00:00,8,0.02090148717733086,0.019270662455612764,revert,ETHUSDT/XRPUSDT
2024-07-06 19:00:00+00:00,27,0.014331873013199794,0.01263272228058328,revert,ETHUSDT/XRPUSDT
2024-07-12 05:00:00+00:00,5,-0.021094010660554254,-0.022798516387892695,stop,ETHUSDT/XRPUSDT
2024-07-12 13:00:00+00:00,12,-0.014327898011744692,-0.016032403739083132,stop,ETHUSDT/XRPUSDT
2025-10-06 14:00:00+00:00,72,-0.0047147547219617975,-0.006331318897428926,time,ETHUSDT/XRPUSDT
2025-10-09 15:00:00+00:00,29,-0.019354400159892503,-0.020959777408396975,stop,ETHUSDT/XRPUSDT
2026-08-19 14:00:00+00:00,1,-0.05247557695950989,-0.05443818829722019,stop,ETHUSDT/XRPUSDT
2026-09-18 18:00:00+00:00,72,-0.007646126939611711,-0.009421240116466962,time,ETHUSDT/XRPUSDT
2026-07-06 15:00:00+00:00,25,0.032510401184233935,0.030683950279895268,revert,ETHUSDT/ZECUSDT
2026-09-19 16:00:00+00:00,52,-0.049798397893960705,-0.05177653411848144,stop,ETHUSDT/ZECUSDT
2021-12-06 09:00:00+00:00,15,0.08173949288072596,0.0799988423867766,revert,FETUSDT/FILUSDT
2022-01-22 06:00:00+00:00,30,0.057489975453158634,0.05574128944541214,revert,FETUSDT/FILUSDT
2024-04-25 00:00:00+00:00,72,0.005031653855007961,0.0031428657443892255,time,FETUSDT/FLOKIUSDT
2024-04-28 05:00:00+00:00,72,-0.005778227846255049,-0.0076717926851451535,time,FETUSDT/FLOKIUSDT
2024-05-01 06:00:00+00:00,72,-0.042529030442141263,-0.04442259528103137,time,FETUSDT/FLOKIUSDT
2024-05-04 07:00:00+00:00,5,-0.009194639390882692,-0.011088204229772797,stop,FETUSDT/FLOKIUSDT
2024-05-04 14:00:00+00:00,61,0.10423834958477227,0.10234478474588216,revert,FETUSDT/FLOKIUSDT
2022-04-05 02:00:00+00:00,19,-0.03371656895534289,-0.03540747538279385,stop,FETUSDT/HBARUSDT
2021-12-06 09:00:00+00:00,15,0.06899430010877944,0.06713396139744926,revert,FETUSDT/ICPUSDT
2021-12-21 05:00:00+00:00,12,-0.01517961967824458,-0.017171322838608758,stop,FETUSDT/ICPUSDT
2021-12-21 18:00:00+00:00,1,-0.018106200438631294,-0.02009790359899547,stop,FETUSDT/ICPUSDT
2021-12-21 21:00:00+00:00,6,-0.008971629532284437,-0.010963332692648615,stop,FETUSDT/ICPUSDT
2021-12-22 04:00:00+00:00,72,0.0771630756717126,0.07517137251134842,time,FETUSDT/ICPUSDT
2024-05-01 13:00:00+00:00,57,0.04243859996756951,0.04052001448785562,revert,FETUSDT/ICPUSDT
2024-05-05 14:00:00+00:00,72,-0.004760883603088014,-0.006742765957421534,time,FETUSDT/ICPUSDT
2024-05-08 15:00:00+00:00,72,-0.010360696415995583,-0.012342578770329102,time,FETUSDT/ICPUSDT
2024-05-11 16:00:00+00:00,72,0.04165108954792336,0.039669207193589844,time,FETUSDT/ICPUSDT
2023-01-27 18:00:00+00:00,72,0.03652900147495511,0.03447276762244627,time,FETUSDT/LINKUSDT
2023-02-05 12:00:00+00:00,8,-0.0650964190419799,-0.06659140801777592,stop,FETUSDT/LINKUSDT
2023-02-05 22:00:00+00:00,23,-0.006963716169555939,-0.008458705145351976,stop,FETUSDT/LINKUSDT
2024-05-06 00:00:00+00:00,68,0.037178051568384496,0.03531270458962398,revert,FETUSDT/LINKUSDT
2023-01-29 18:00:00+00:00,72,0.00043993207385014874,-0.0016877922705021437,time,FETUSDT/LTCUSDT
2023-02-01 19:00:00+00:00,72,0.030746195134867732,0.02861763057937601,time,FETUSDT/LTCUSDT
2026-01-04 13:00:00+00:00,13,-0.020051082876736345,-0.0217351954505767,stop,FETUSDT/LTCUSDT
2022-01-08 19:00:00+00:00,72,-0.03645091903009485,-0.0381689966835986,time,FETUSDT/NEARUSDT
2022-01-11 20:00:00+00:00,72,0.03857339870353331,0.03685532105002956,time,FETUSDT/NEARUSDT
2022-04-04 00:00:00+00:00,41,0.07173762919395228,0.06959397316343403,revert,FETUSDT/NEARUSDT
2023-03-08 22:00:00+00:00,72,-0.0630837898184756,-0.06490737576505898,time,FETUSDT/NEARUSDT
2023-03-11 23:00:00+00:00,62,0.201652685391713,0.1998290994451296,revert,FETUSDT/NEARUSDT
2024-05-04 13:00:00+00:00,17,0.034091357336078223,0.03137974498610102,revert,FETUSDT/SHIBUSDT
2024-05-06 19:00:00+00:00,72,0.012939820794724709,0.010300057782815076,time,FETUSDT/SHIBUSDT
2021-12-04 05:00:00+00:00,52,-0.07181939951657375,-0.07363762321783178,stop,FETUSDT/SOLUSDT
2021-12-06 11:00:00+00:00,2,-0.010428325737646283,-0.012246549438904315,stop,FETUSDT/SOLUSDT
2021-12-06 14:00:00+00:00,72,0.014827051672106278,0.013008827970848246,time,FETUSDT/SOLUSDT
2021-12-09 15:00:00+00:00,8,-0.02428372405839241,-0.02610194775965044,stop,FETUSDT/SOLUSDT
2022-02-01 03:00:00+00:00,72,-0.0005678193285975734,-0.002431077986995724,time,FETUSDT/SOLUSDT
2022-02-04 04:00:00+00:00,72,0.001733362253817275,-0.00012989640458087575,time,FETUSDT/SOLUSDT
2023-02-05 11:00:00+00:00,9,-0.11463929348429858,-0.11647498982076558,stop,FETUSDT/SOLUSDT
2026-01-04 12:00:00+00:00,15,-0.03518718454009523,-0.03687876168050081,stop,FETUSDT/SOLUSDT
2026-01-05 11:00:00+00:00,1,-0.0151078813695646,-0.01679945850997018,stop,FETUSDT/SOLUSDT
2026-01-05 19:00:00+00:00,1,-0.0035619661522988373,-0.005253543292704418,stop,FETUSDT/SOLUSDT
2026-01-08 15:00:00+00:00,11,0.028011574118222207,0.026410972056269275,revert,FETUSDT/SOLUSDT
2026-01-13 22:00:00+00:00,72,-0.0055300383359563055,-0.0075580443441161755,time,FETUSDT/SOLUSDT
2026-01-16 23:00:00+00:00,72,0.028835221749805764,0.026810499881274128,revert,FETUSDT/SOLUSDT
2026-01-02 16:00:00+00:00,44,0.02462104483572243,0.022718310308089778,revert,FETUSDT/SUIUSDT
2026-01-11 19:00:00+00:00,44,0.033520063881411336,0.03172053736181471,revert,FETUSDT/SUIUSDT
2026-01-03 23:00:00+00:00,14,-0.04479894607016406,-0.047015905440759245,stop,FETUSDT/TAOUSDT
2026-01-04 14:00:00+00:00,6,-0.006995896874237103,-0.009212856244832288,stop,FETUSDT/TAOUSDT
2026-01-11 19:00:00+00:00,55,0.03143467612304868,0.029418627848090205,revert,FETUSDT/VIRTUALUSDT
2026-01-26 14:00:00+00:00,72,0.0003831486755108589,-0.001466168706898234,time,FETUSDT/VIRTUALUSDT
2026-01-29 17:00:00+00:00,58,0.02077778704181859,0.01892020954136961,revert,FETUSDT/VIRTUALUSDT
2024-04-24 12:00:00+00:00,67,0.06011768578834932,0.05811721930282992,revert,FETUSDT/WLDUSDT
2022-04-05 05:00:00+00:00,72,0.0011736887116698541,-0.0012683703929562487,time,FETUSDT/XLMUSDT
2025-12-31 19:00:00+00:00,72,-0.010325247775997567,-0.012769707577892097,time,FETUSDT/XLMUSDT
2026-01-03 20:00:00+00:00,5,-0.01642721639007127,-0.018871676191965798,stop,FETUSDT/XLMUSDT
2026-01-04 02:00:00+00:00,11,-0.010231727700524742,-0.012676187502419271,stop,FETUSDT/XLMUSDT
2021-12-06 02:00:00+00:00,72,-0.007456459964405849,-0.009314649627590972,time,FETUSDT/XRPUSDT
2021-12-09 09:00:00+00:00,72,-0.0018821464250323439,-0.0037843996881858095,time,FETUSDT/XRPUSDT
2021-12-12 10:00:00+00:00,55,-0.04262022780000758,-0.04452248106316104,stop,FETUSDT/XRPUSDT
2021-12-14 19:00:00+00:00,18,-0.00380114718140938,-0.005703400444562846,stop,FETUSDT/XRPUSDT
2021-12-15 19:00:00+00:00,43,-0.008644767870552926,-0.010547021133706392,stop,FETUSDT/XRPUSDT
2021-12-17 15:00:00+00:00,8,-0.008478524941178336,-0.010380778204331802,stop,FETUSDT/XRPUSDT
2022-02-05 09:00:00+00:00,46,-0.053202393392252065,-0.05524259247329073,stop,FETUSDT/XRPUSDT
2022-02-07 18:00:00+00:00,2,-0.014850124610700031,-0.016890323691738703,stop,FETUSDT/XRPUSDT
2022-02-20 10:00:00+00:00,72,-0.007564281604745669,-0.009346003512188767,time,FETUSDT/XRPUSDT
2022-02-23 11:00:00+00:00,18,-0.10265383885117504,-0.10443556075861814,stop,FETUSDT/XRPUSDT
2022-02-24 15:00:00+00:00,72,0.0365418109994255,0.0347600890919824,time,FETUSDT/XRPUSDT
2022-02-27 16:00:00+00:00,53,0.2395966663179338,0.2378149444104907,revert,FETUSDT/XRPUSDT
2023-02-05 11:00:00+00:00,8,-0.044948108330215106,-0.04652178867759325,stop,FETUSDT/XRPUSDT
2023-03-08 12:00:00+00:00,46,-0.05796662162143463,-0.05992780874737452,stop,FETUSDT/XRPUSDT
2023-03-10 11:00:00+00:00,72,0.0867859333218055,0.0848247461958656,time,FETUSDT/XRPUSDT
2024-06-08 07:00:00+00:00,46,0.053046640279672194,0.05106388870631812,revert,FILUSDT/FLOKIUSDT
2024-06-11 15:00:00+00:00,72,-0.010976280555358625,-0.012172157775561198,time,FILUSDT/FLOKIUSDT
2024-06-14 16:00:00+00:00,72,-0.012518728282870734,-0.013714605503073306,time,FILUSDT/FLOKIUSDT
2024-06-17 17:00:00+00:00,7,-0.02407458165898809,-0.025270458879190664,stop,FILUSDT/FLOKIUSDT
2024-07-11 19:00:00+00:00,48,-0.03566171925787108,-0.037399455541699274,stop,FILUSDT/FLOKIUSDT
2024-07-13 22:00:00+00:00,39,0.07576409545628054,0.074034010091385,revert,FILUSDT/FLOKIUSDT
2022-04-05 03:00:00+00:00,32,-0.03536243902290213,-0.03687530181432253,stop,FILUSDT/HBARUSDT
2022-04-06 15:00:00+00:00,72,0.013666343219177639,0.012153480427757232,time,FILUSDT/HBARUSDT
2022-04-09 16:00:00+00:00,72,0.005214122074825099,0.0037012592834046922,time,FILUSDT/HBARUSDT
2022-04-12 17:00:00+00:00,72,0.0051525095420823196,0.0036396467506619127,time,FILUSDT/HBARUSDT
2022-04-15 18:00:00+00:00,24,-0.03673658519187719,-0.038249447983297595,stop,FILUSDT/HBARUSDT
2021-12-04 04:00:00+00:00,50,0.04604159042100853,0.044398894116486565,revert,FILUSDT/ICPUSDT
2021-12-10 10:00:00+00:00,72,-0.002504636732366384,-0.004206830058166698,time,FILUSDT/ICPUSDT
2022-01-03 13:00:00+00:00,47,-0.06082105414165688,-0.06226446615237777,stop,FILUSDT/ICPUSDT
2022-01-05 14:00:00+00:00,6,-0.01377075286474981,-0.015214164875470696,stop,FILUSDT/ICPUSDT
2023-02-19 00:00:00+00:00,25,-0.04249588819346282,-0.044164897039436074,stop,FILUSDT/ICPUSDT
2023-02-20 02:00:00+00:00,8,-0.0051952360479822005,-0.006864244893955458,stop,FILUSDT/ICPUSDT
2023-02-20 11:00:00+00:00,29,-0.008978683799315601,-0.010647692645288859,stop,FILUSDT/ICPUSDT
2023-03-03 01:00:00+00:00,72,0.02135720460758314,0.01998137219352983,time,FILUSDT/LINKUSDT
2023-03-20 10:00:00+00:00,50,-0.04436934859268244,-0.04612621261394585,stop,FILUSDT/LINKUSDT
2023-03-22 13:00:00+00:00,72,0.02568296967126382,0.023926105650000404,time,FILUSDT/LINKUSDT
2023-03-25 14:00:00+00:00,72,0.012163001489614304,0.01040613746835089,time,FILUSDT/LINKUSDT
2023-03-28 15:00:00+00:00,64,-0.05395406819345939,-0.0557109322147228,stop,FILUSDT/LINKUSDT
2023-08-03 23:00:00+00:00,72,0.013669244005683293,0.012576548712527369,time,FILUSDT/LINKUSDT
2023-05-11 13:00:00+00:00,72,-0.0046436075213975156,-0.006386140496878052,time,FILUSDT/LTCUSDT
2023-05-14 14:00:00+00:00,12,-0.01984658550859028,-0.02158911848407082,stop,FILUSDT/LTCUSDT
2023-06-07 16:00:00+00:00,60,-0.17337913973289742,-0.17468543097357142,stop,FILUSDT/LTCUSDT
2023-11-02 19:00:00+00:00,56,0.01526896857805177,0.013705719363128175,revert,FILUSDT/LTCUSDT
2024-07-17 13:00:00+00:00,72,0.008535644529746889,0.006912729890078167,time,FILUSDT/LTCUSDT
2024-07-20 17:00:00+00:00,72,0.020183597501336203,0.018560682861667482,time,FILUSDT/LTCUSDT
2024-08-05 06:00:00+00:00,72,0.0034425502035583255,0.001872990584363921,time,FILUSDT/LTCUSDT
2024-08-08 08:00:00+00:00,72,0.004337394935872707,0.002751808465835728,time,FILUSDT/LTCUSDT
2024-09-23 05:00:00+00:00,9,-0.026368049005638446,-0.02810475476496113,stop,FILUSDT/NEARUSDT
2025-02-02 20:00:00+00:00,5,-0.023194645239051223,-0.025028663240883323,stop,FILUSDT/NEARUSDT
2025-02-03 02:00:00+00:00,1,-0.025551597014902568,-0.027385615016734668,stop,FILUSDT/NEARUSDT
2025-02-03 19:00:00+00:00,4,-0.006308396854623813,-0.008142414856455914,stop,FILUSDT/NEARUSDT
2024-02-22 16:00:00+00:00,72,0.007478911899988529,0.0056342898065231345,time,FILUSDT/WLDUSDT
2024-02-29 16:00:00+00:00,66,-0.07985842063956398,-0.08168029195773092,stop,FILUSDT/WLDUSDT
2024-03-03 12:00:00+00:00,1,-0.014549910849043737,-0.016367537498052302,stop,FILUSDT/WLDUSDT
2023-05-08 20:00:00+00:00,43,0.013095620942576457,0.011340347996626112,revert,FILUSDT/XRPUSDT
2023-05-11 19:00:00+00:00,9,-0.02702424640691591,-0.028813897880939084,stop,FILUSDT/XRPUSDT
2023-05-12 06:00:00+00:00,72,0.022226502859182862,0.020425629622429674,time,FILUSDT/XRPUSDT
2023-05-16 21:00:00+00:00,4,-0.03084530146309117,-0.032684253825721904,stop,FILUSDT/XRPUSDT
2023-05-17 06:00:00+00:00,1,-0.005609879593319227,-0.0074535537730472225,stop,FILUSDT/XRPUSDT
2023-05-17 08:00:00+00:00,26,-0.025249260612327237,-0.027092934792055233,stop,FILUSDT/XRPUSDT
2023-05-18 14:00:00+00:00,6,-0.004601635339931727,-0.006450486888236323,stop,FILUSDT/XRPUSDT
2023-05-18 23:00:00+00:00,1,-0.005894832856963939,-0.007743684405268536,stop,FILUSDT/XRPUSDT
2023-08-03 23:00:00+00:00,72,0.014494367842951505,0.013437996559665757,time,FILUSDT/XRPUSDT
2023-10-19 23:00:00+00:00,39,0.02203100568930838,0.02051646951437559,revert,FILUSDT/XRPUSDT
2024-06-07 11:00:00+00:00,1,-0.00315136094887773,-0.004777911015838127,stop,FILUSDT/XRPUSDT
2024-04-13 20:00:00+00:00,72,0.004473387109232063,0.002908379047636675,time,FLOKIUSDT/LINKUSDT
2024-04-16 21:00:00+00:00,27,0.003801402426633009,0.002236394365037621,revert,FLOKIUSDT/LINKUSDT
2025-06-22 12:00:00+00:00,3,0.019313928716339707,0.017340432539849886,revert,FLOKIUSDT/LTCUSDT
2024-08-13 19:00:00+00:00,72,0.006470094482198124,0.0044510070154453055,time,FLOKIUSDT/NEARUSDT
2026-02-05 19:00:00+00:00,18,0.025093106725438075,0.02320036789072905,revert,FLOKIUSDT/ONDOUSDT
2026-02-13 19:00:00+00:00,16,-0.02580633837419139,-0.027762437179974144,stop,FLOKIUSDT/ONDOUSDT
2026-02-14 13:00:00+00:00,72,0.01479640972769784,0.012840310921915085,time,FLOKIUSDT/ONDOUSDT
2026-02-17 14:00:00+00:00,72,-0.0024032743938593205,-0.004359373199642075,time,FLOKIUSDT/ONDOUSDT
2026-02-20 15:00:00+00:00,72,-0.006776041106222139,-0.008732139912004893,time,FLOKIUSDT/ONDOUSDT
2026-02-23 16:00:00+00:00,51,-0.01910654277482071,-0.021062641580603465,stop,FLOKIUSDT/ONDOUSDT
2026-02-14 16:00:00+00:00,1,-0.010320827170876028,-0.012158480163031851,stop,FLOKIUSDT/SUIUSDT
2026-02-16 12:00:00+00:00,55,0.01769022501939141,0.01584625815737211,revert,FLOKIUSDT/SUIUSDT
2026-02-19 16:00:00+00:00,70,-0.022800849765091547,-0.026040517276223835,stop,FLOKIUSDT/TRXUSDT
2026-02-12 10:00:00+00:00,46,-0.038765236321329076,-0.04054854990833359,stop,FLOKIUSDT/VIRTUALUSDT
2026-02-14 14:00:00+00:00,72,0.017164043553833736,0.015379144340767103,time,FLOKIUSDT/VIRTUALUSDT
2026-02-17 15:00:00+00:00,72,-0.018229036249246402,-0.020015919186289317,time,FLOKIUSDT/VIRTUALUSDT
2026-02-20 16:00:00+00:00,66,-0.013704008523406884,-0.015490891460449798,stop,FLOKIUSDT/VIRTUALUSDT
2026-02-23 11:00:00+00:00,1,-0.004067997796830291,-0.005854880733873205,stop,FLOKIUSDT/VIRTUALUSDT
2026-02-23 13:00:00+00:00,27,-0.008974465110588274,-0.010761348047631188,stop,FLOKIUSDT/VIRTUALUSDT
2024-04-23 13:00:00+00:00,3,-0.05287365115711816,-0.05464489835468045,stop,FLOKIUSDT/WLDUSDT
2024-04-23 19:00:00+00:00,8,-0.01208529813148284,-0.013856545329045128,stop,FLOKIUSDT/WLDUSDT
2024-04-24 08:00:00+00:00,1,-0.004104074609910678,-0.0058753218074729645,stop,FLOKIUSDT/WLDUSDT
2026-03-17 01:00:00+00:00,72,0.011147553172979392,0.00923874262728309,time,FLOKIUSDT/XRPUSDT
2026-04-02 14:00:00+00:00,72,0.0020423744216850467,6.199609641174744e-05,time,FORMUSDT/HBARUSDT
2026-04-05 15:00:00+00:00,72,-0.0015961463663294179,-0.003576524691602717,time,FORMUSDT/HBARUSDT
2026-04-08 16:00:00+00:00,72,0.03822159520803984,0.03624121688276654,time,FORMUSDT/HBARUSDT
2026-02-26 00:00:00+00:00,72,0.005299874978140932,0.0034360483409215875,time,FORMUSDT/SUIUSDT
2026-03-01 01:00:00+00:00,12,0.040195056396572934,0.03833122975935359,revert,FORMUSDT/SUIUSDT
2026-03-01 18:00:00+00:00,19,-0.041041022139573516,-0.04290692566250548,stop,FORMUSDT/SUIUSDT
2026-04-02 03:00:00+00:00,72,0.00822153732960865,0.006467925388226374,time,FORMUSDT/WLDUSDT
2026-04-05 04:00:00+00:00,72,0.04473132423280026,0.04297771229141799,time,FORMUSDT/WLDUSDT
2026-06-27 08:00:00+00:00,72,-0.008641930330825602,-0.010358460827206433,time,HBARUSDT/LTCUSDT
2026-06-30 09:00:00+00:00,72,-0.006145149964710744,-0.007898059571981954,time,HBARUSDT/LTCUSDT
2026-07-03 10:00:00+00:00,72,0.006784378112629844,0.005031468505358635,time,HBARUSDT/LTCUSDT
2026-07-06 11:00:00+00:00,72,-0.01725536016370615,-0.01900826977097736,time,HBARUSDT/LTCUSDT
2026-07-09 12:00:00+00:00,44,-0.017982364666061353,-0.019735274273332562,stop,HBARUSDT/LTCUSDT
2026-03-13 20:00:00+00:00,72,-0.0005101687274871591,-0.00226395973344418,time,HBARUSDT/ONDOUSDT
2026-03-16 21:00:00+00:00,72,-0.0009277558696590207,-0.0026499693702390806,time,HBARUSDT/ONDOUSDT
2026-03-19 22:00:00+00:00,72,-0.005902083711587271,-0.007624297212167331,time,HBARUSDT/ONDOUSDT
2026-03-22 23:00:00+00:00,72,0.005592883299257806,0.003870669798677746,time,HBARUSDT/ONDOUSDT
2025-02-16 09:00:00+00:00,72,-0.005535191062908368,-0.00719601382679983,time,HBARUSDT/POLUSDT
2025-02-19 10:00:00+00:00,62,0.04287744310325531,0.041216620339363845,revert,HBARUSDT/POLUSDT
2026-04-10 03:00:00+00:00,72,-0.014025263187970262,-0.015612285124945148,time,HBARUSDT/SUIUSDT
2026-04-13 04:00:00+00:00,12,-0.006297757977064849,-0.007884779914039736,stop,HBARUSDT/SUIUSDT
2026-04-13 22:00:00+00:00,2,-0.0019523134477394378,-0.003539335384714324,stop,HBARUSDT/SUIUSDT
2026-03-08 15:00:00+00:00,47,0.022051417691787315,0.019059092157676646,revert,HBARUSDT/TRXUSDT
2025-05-25 00:00:00+00:00,52,-0.03399344707560573,-0.03558103849171019,stop,HBARUSDT/UNIUSDT
2025-05-27 08:00:00+00:00,22,-0.0046416221516371965,-0.006226717128876675,stop,HBARUSDT/UNIUSDT
2026-04-08 00:00:00+00:00,25,0.029841075592878345,0.027837384290300523,revert,HBARUSDT/WLDUSDT
2026-04-12 04:00:00+00:00,72,-0.020609832150092565,-0.022027582543460534,time,HBARUSDT/WLDUSDT
2026-04-15 05:00:00+00:00,54,0.04860800187611576,0.04719025148274779,revert,HBARUSDT/WLDUSDT
2026-03-14 15:00:00+00:00,72,0.009971190092769158,0.008314491845123308,time,HBARUSDT/XRPUSDT
2026-04-13 07:00:00+00:00,72,-0.008384935950565331,-0.010109058233300322,time,HBARUSDT/XRPUSDT
2026-04-16 08:00:00+00:00,72,-0.007285477923437274,-0.009009600206172266,time,HBARUSDT/XRPUSDT
2026-04-19 09:00:00+00:00,72,0.008481343676963782,0.00675722139422879,time,HBARUSDT/XRPUSDT
2026-04-22 10:00:00+00:00,72,0.008995714686878781,0.007271592404143789,time,HBARUSDT/XRPUSDT
2021-11-09 15:00:00+00:00,59,-0.07407627032246786,-0.07583446100946978,stop,ICPUSDT/LTCUSDT
2021-11-12 15:00:00+00:00,50,-0.008870517388789724,-0.010606854980224222,stop,ICPUSDT/LTCUSDT
2021-11-14 18:00:00+00:00,1,-0.0059102549506653175,-0.007646592542099816,stop,ICPUSDT/LTCUSDT
2021-11-14 20:00:00+00:00,3,-0.006404956215389125,-0.008141293806823623,stop,ICPUSDT/LTCUSDT
2021-11-07 15:00:00+00:00,72,-0.020937445987598016,-0.023293972409424442,time,ICPUSDT/SHIBUSDT
2021-11-10 16:00:00+00:00,5,0.137110779657785,0.13475425323595858,revert,ICPUSDT/SHIBUSDT
2021-11-07 23:00:00+00:00,71,0.0852378218694378,0.08299498334302689,revert,ICPUSDT/SOLUSDT
2023-02-16 20:00:00+00:00,7,-0.05756831503326761,-0.05945950248370477,stop,ICPUSDT/SOLUSDT
2023-02-17 04:00:00+00:00,5,-0.012472922052546567,-0.014364109502983724,stop,ICPUSDT/SOLUSDT
2024-01-30 11:00:00+00:00,72,0.03953932508570303,0.03774161446967665,time,ICPUSDT/SOLUSDT
2021-11-07 14:00:00+00:00,72,0.004776279335907085,0.002763098550642521,time,ICPUSDT/UNIUSDT
2021-12-02 15:00:00+00:00,72,-0.03465444282334322,-0.03641556430741552,time,ICPUSDT/UNIUSDT
2021-12-05 16:00:00+00:00,17,-0.014714223075778812,-0.016475344559851113,stop,ICPUSDT/UNIUSDT
2021-12-06 10:00:00+00:00,34,-0.00451076584519354,-0.006271887329265842,stop,ICPUSDT/UNIUSDT
2023-06-25 04:00:00+00:00,4,-0.02761074475052202,-0.029507150070892933,stop,ICPUSDT/UNIUSDT
2023-06-25 13:00:00+00:00,4,-0.0038950971636752345,-0.005791502484046149,stop,ICPUSDT/UNIUSDT
2021-11-08 12:00:00+00:00,36,0.04436467051587851,0.04248876972680621,revert,ICPUSDT/XRPUSDT
2021-11-27 01:00:00+00:00,71,0.03748291455007381,0.0356687157063668,revert,ICPUSDT/XRPUSDT
2021-12-04 21:00:00+00:00,72,-0.018928989688077005,-0.020730298932873075,time,ICPUSDT/XRPUSDT
2021-12-07 22:00:00+00:00,35,-0.05501367761739312,-0.05681498686218919,stop,ICPUSDT/XRPUSDT
2023-01-30 21:00:00+00:00,51,0.022655376238532667,0.020995723072198245,revert,ICPUSDT/XRPUSDT
2023-01-31 02:00:00+00:00,72,-0.013231949324281332,-0.014963016487210209,time,LINKUSDT/LTCUSDT
2023-02-03 03:00:00+00:00,72,0.007737511143349056,0.006002792268176644,time,LINKUSDT/LTCUSDT
2023-02-06 04:00:00+00:00,72,-0.0011269305487271667,-0.0028616494238995777,time,LINKUSDT/LTCUSDT
2023-02-09 05:00:00+00:00,5,0.03962776864001469,0.03789304976484228,revert,LINKUSDT/LTCUSDT
2023-11-09 16:00:00+00:00,9,0.03725473962282091,0.0358039547631358,revert,LINKUSDT/LTCUSDT
2023-11-10 13:00:00+00:00,24,0.0373552545153569,0.035904444653988635,revert,LINKUSDT/LTCUSDT
2023-11-14 18:00:00+00:00,29,0.036568595310407966,0.035126185501523355,revert,LINKUSDT/LTCUSDT
2023-11-17 16:00:00+00:00,72,-0.01403995590799745,-0.015482273393818857,time,LINKUSDT/LTCUSDT
2023-11-20 17:00:00+00:00,72,-0.007148094315679096,-0.00859038209795247,time,LINKUSDT/LTCUSDT
2023-11-23 18:00:00+00:00,72,0.003116015281694909,0.0016737274994215357,time,LINKUSDT/LTCUSDT
2023-11-26 19:00:00+00:00,72,0.00208710007630815,0.0006448122940347768,time,LINKUSDT/LTCUSDT
2023-11-29 20:00:00+00:00,72,0.008210560328812021,0.006768272546538648,time,LINKUSDT/LTCUSDT
2022-08-30 21:00:00+00:00,61,0.023570424374244347,0.021728371389807245,revert,LINKUSDT/NEARUSDT
2022-09-05 15:00:00+00:00,19,0.03079422970061601,0.028832753989951707,revert,LINKUSDT/NEARUSDT
2024-05-13 16:00:00+00:00,72,0.010820375446548933,0.008671400774114497,time,LINKUSDT/SHIBUSDT
2024-05-16 19:00:00+00:00,3,-0.03053359429441922,-0.032909217619969976,stop,LINKUSDT/SHIBUSDT
2024-05-16 23:00:00+00:00,2,-0.01507186241016511,-0.01744748573571587,stop,LINKUSDT/SHIBUSDT
2023-03-22 12:00:00+00:00,7,0.0247156999132825,0.022944740294624743,revert,LINKUSDT/SOLUSDT
2023-03-23 22:00:00+00:00,72,0.005096071065336341,0.0033268730674797554,time,LINKUSDT/SOLUSDT
2023-04-15 18:00:00+00:00,66,-0.05644208884448086,-0.05838619520163587,stop,LINKUSDT/SOLUSDT
2023-04-18 13:00:00+00:00,1,-0.0027652233947544737,-0.004709329751909484,stop,LINKUSDT/SOLUSDT
2023-04-18 16:00:00+00:00,69,0.08636649209604105,0.08442238573888604,revert,LINKUSDT/SOLUSDT
2023-08-19 16:00:00+00:00,20,-0.026448464032250697,-0.028010337495944525,stop,LINKUSDT/SUIUSDT
2023-08-20 13:00:00+00:00,60,-0.00902934808200339,-0.010591221545697218,stop,LINKUSDT/SUIUSDT
2023-08-23 15:00:00+00:00,1,-0.015675377256511483,-0.01723725072020531,stop,LINKUSDT/SUIUSDT
2025-09-20 10:00:00+00:00,49,-0.022360215314453962,-0.025033092148266965,stop,LINKUSDT/TRXUSDT
2025-09-22 13:00:00+00:00,1,-0.0042106235335234235,-0.006846795154485769,stop,LINKUSDT/TRXUSDT
2025-09-22 20:00:00+00:00,72,-0.012778379311302625,-0.015414550932264971,time,LINKUSDT/TRXUSDT
2025-09-25 21:00:00+00:00,72,0.017010015672448944,0.014360213702552601,time,LINKUSDT/TRXUSDT
2025-10-10 09:00:00+00:00,10,0.01307633680764982,0.010514398204963589,revert,LINKUSDT/TRXUSDT
2025-10-10 21:00:00+00:00,5,0.018202190704771824,0.015105105375536559,revert,LINKUSDT/TRXUSDT
2021-12-04 05:00:00+00:00,17,0.030952876758017833,0.029284903752072988,revert,LINKUSDT/XRPUSDT
2021-12-08 00:00:00+00:00,42,0.04740052372744337,0.04572949633088715,revert,LINKUSDT/XRPUSDT
2023-04-15 14:00:00+00:00,65,-0.053096031670313466,-0.05515291056288756,stop,LINKUSDT/XRPUSDT
2023-09-06 17:00:00+00:00,72,0.009621124475714218,0.007883705585072724,time,LINKUSDT/XRPUSDT
2023-12-08 13:00:00+00:00,61,0.08583637109776128,0.08389972522238244,revert,LINKUSDT/XRPUSDT
2025-09-22 09:00:00+00:00,72,-0.008451711076355999,-0.010104998743935209,time,LINKUSDT/XRPUSDT
2025-09-25 10:00:00+00:00,72,-0.0017859533078035715,-0.003439240975382781,time,LINKUSDT/XRPUSDT
2025-09-28 11:00:00+00:00,72,0.020676352753548937,0.019023065085969727,time,LINKUSDT/XRPUSDT
2024-05-08 21:00:00+00:00,72,-0.0030548764484965105,-0.004880211727647648,time,LINKUSDT/ZECUSDT
2024-05-11 22:00:00+00:00,72,0.0005540876434778786,-0.001271247635673258,time,LINKUSDT/ZECUSDT
2024-05-14 23:00:00+00:00,44,0.03734280519957316,0.035517469920422026,revert,LINKUSDT/ZECUSDT
2025-06-26 14:00:00+00:00,72,-0.0034600641853892167,-0.005554651580028814,time,LTCUSDT/NEARUSDT
2025-06-29 15:00:00+00:00,23,0.01730789618883131,0.01520426716708019,revert,LTCUSDT/NEARUSDT
2025-07-01 07:00:00+00:00,13,0.018578129834411178,0.0164676670836554,revert,LTCUSDT/NEARUSDT
2025-07-03 07:00:00+00:00,72,0.010514320072445738,0.008403690576927494,time,LTCUSDT/NEARUSDT
2026-07-04 16:00:00+00:00,72,0.014968682141639697,0.012839557182267336,time,LTCUSDT/NEARUSDT
2024-05-15 07:00:00+00:00,12,0.028731180450204633,0.026812716255989327,revert,LTCUSDT/SHIBUSDT
2024-05-20 21:00:00+00:00,72,0.012839004802812998,0.010467166734471779,time,LTCUSDT/SHIBUSDT
2021-11-08 15:00:00+00:00,9,-0.06802922049513319,-0.07008483486954818,stop,LTCUSDT/SOLUSDT
2023-01-29 00:00:00+00:00,72,-0.01550850574231344,-0.017543678967060536,time,LTCUSDT/SOLUSDT
2023-02-01 01:00:00+00:00,23,-0.02707371641497829,-0.02911001445253924,stop,LTCUSDT/SOLUSDT
2023-02-02 01:00:00+00:00,72,0.011728649051721971,0.009692351014161023,time,LTCUSDT/SOLUSDT
2023-02-05 02:00:00+00:00,49,-0.019978380133558377,-0.022014678171119326,stop,LTCUSDT/SOLUSDT
2023-02-07 06:00:00+00:00,2,-0.0044848677210855906,-0.006521165758646539,stop,LTCUSDT/SOLUSDT
2023-02-07 09:00:00+00:00,2,-0.002555173321323199,-0.004591471358884148,stop,LTCUSDT/SOLUSDT
2023-02-07 14:00:00+00:00,2,-0.0026173800916017443,-0.004653678129162692,stop,LTCUSDT/SOLUSDT
2025-12-28 00:00:00+00:00,25,0.022382986687417544,0.020604544757281427,revert,LTCUSDT/SOLUSDT
2026-01-06 15:00:00+00:00,72,-0.005541660188160612,-0.007219472664346326,time,LTCUSDT/SOLUSDT
2026-01-11 16:00:00+00:00,8,-0.02098510147811977,-0.0226108728895079,stop,LTCUSDT/SOLUSDT
2026-01-12 04:00:00+00:00,3,-0.007222282299458507,-0.008848053710846637,stop,LTCUSDT/SOLUSDT
2023-10-17 13:00:00+00:00,34,0.023890798780149887,0.021992257766114374,revert,LTCUSDT/SUIUSDT
2023-10-20 03:00:00+00:00,72,-0.015837616449673603,-0.017790802277483905,time,LTCUSDT/SUIUSDT
2023-10-23 04:00:00+00:00,3,-0.008240240440151725,-0.010193426267962026,stop,LTCUSDT/SUIUSDT
2023-10-23 13:00:00+00:00,3,-0.010753765692789262,-0.012706951520599565,stop,LTCUSDT/SUIUSDT
2023-11-21 22:00:00+00:00,72,0.014087367006904418,0.012668325132129177,time,LTCUSDT/SUIUSDT
2025-06-26 19:00:00+00:00,21,0.023875605503032728,0.02193866330670937,revert,LTCUSDT/SUIUSDT
2025-07-03 05:00:00+00:00,50,0.024078620832263007,0.02208526690478209,revert,LTCUSDT/SUIUSDT
2026-01-03 14:00:00+00:00,53,-0.0186449653280137,-0.020233476141397026,stop,LTCUSDT/SUIUSDT
2026-01-11 21:00:00+00:00,22,-0.031188746633484088,-0.03263689231292585,stop,LTCUSDT/SUIUSDT
2026-01-12 21:00:00+00:00,1,-0.003836642661353686,-0.0052847883407954495,stop,LTCUSDT/SUIUSDT
2026-01-12 23:00:00+00:00,1,-0.0019489558376382873,-0.0033971015170800502,stop,LTCUSDT/SUIUSDT
2026-01-13 01:00:00+00:00,8,-0.006093478786151288,-0.007541624465593051,stop,LTCUSDT/SUIUSDT
2026-01-13 12:00:00+00:00,1,-0.004779517806333792,-0.006227663485775555,stop,LTCUSDT/SUIUSDT
2026-01-13 15:00:00+00:00,2,-0.0017786745160060643,-0.0032268201954478272,stop,LTCUSDT/SUIUSDT
2026-01-13 19:00:00+00:00,1,-0.004360712284680352,-0.005808857964122115,stop,LTCUSDT/SUIUSDT
2026-01-13 21:00:00+00:00,25,-0.0068950598714313145,-0.008343205550873077,stop,LTCUSDT/SUIUSDT
2026-04-24 15:00:00+00:00,72,0.008700879800949517,0.006748700463574162,time,LTCUSDT/SUIUSDT
2026-05-17 23:00:00+00:00,72,-0.014566333100065727,-0.01595104977279116,time,LTCUSDT/SUIUSDT
2026-04-01 13:00:00+00:00,72,0.01052689766503646,0.009045005853610203,time,LTCUSDT/SUSDT
2025-11-09 19:00:00+00:00,69,0.08567399920215414,0.08326285391971884,revert,LTCUSDT/TRXUSDT
2026-04-29 09:00:00+00:00,7,0.01894439619262278,0.01649102467196696,revert,LTCUSDT/TRXUSDT
2026-05-03 05:00:00+00:00,21,0.01397146670881185,0.011646006814382652,revert,LTCUSDT/TRXUSDT
2026-05-17 23:00:00+00:00,11,-0.015226314446642214,-0.017231442712653776,stop,LTCUSDT/TRXUSDT
2026-05-18 11:00:00+00:00,3,-0.003809002755775582,-0.005814131021787143,stop,LTCUSDT/TRXUSDT
2026-05-18 15:00:00+00:00,67,-0.007798459743879849,-0.009803588009891409,stop,LTCUSDT/TRXUSDT
2026-05-21 17:00:00+00:00,1,-0.0017821101023124315,-0.0037872383683239925,stop,LTCUSDT/TRXUSDT
2026-05-21 19:00:00+00:00,3,-0.0009351418643713573,-0.002940270130382918,stop,LTCUSDT/TRXUSDT
2023-10-17 12:00:00+00:00,34,0.016170184785209433,0.014316771105766776,revert,LTCUSDT/UNIUSDT
2023-10-20 13:00:00+00:00,72,-0.003403550469345845,-0.00529553470196696,time,LTCUSDT/UNIUSDT
2023-10-23 14:00:00+00:00,8,-0.016910609169336496,-0.018802593401957612,stop,LTCUSDT/UNIUSDT
2026-01-11 22:00:00+00:00,72,-0.022530773598845425,-0.023910288332801066,time,LTCUSDT/VIRTUALUSDT
2026-01-14 23:00:00+00:00,4,-0.02648035372661926,-0.0278598684605749,stop,LTCUSDT/VIRTUALUSDT
2026-01-15 09:00:00+00:00,5,-0.013020049936882088,-0.01439956467083773,stop,LTCUSDT/VIRTUALUSDT
2026-04-17 13:00:00+00:00,72,0.010890751546751815,0.008782111274213732,time,LTCUSDT/WLDUSDT
2023-01-31 00:00:00+00:00,72,-0.013711883200818668,-0.015502618507316813,time,LTCUSDT/XRPUSDT
2023-02-03 01:00:00+00:00,72,0.00419399711469739,0.0023958156317082876,time,LTCUSDT/XRPUSDT
2023-02-06 02:00:00+00:00,72,-0.012137596877344631,-0.013935778360333734,time,LTCUSDT/XRPUSDT
2023-02-09 03:00:00+00:00,72,0.0014718390646105348,-0.00032634241837856777,time,LTCUSDT/XRPUSDT
2023-02-12 04:00:00+00:00,72,-0.012951808437879605,-0.014749989920868707,time,LTCUSDT/XRPUSDT
2023-02-15 05:00:00+00:00,17,-0.0050064971081779375,-0.0068046785911670404,stop,LTCUSDT/XRPUSDT
2023-05-15 01:00:00+00:00,14,-0.0223065394880011,-0.02407338702623544,stop,LTCUSDT/XRPUSDT
2023-05-15 17:00:00+00:00,1,-0.0015705019167024793,-0.0033373494549368186,stop,LTCUSDT/XRPUSDT
2023-05-15 19:00:00+00:00,6,-0.007159809129064996,-0.008926656667299335,stop,LTCUSDT/XRPUSDT
2023-05-16 02:00:00+00:00,2,-0.0026665967195697547,-0.004433444257804094,stop,LTCUSDT/XRPUSDT
2023-05-16 05:00:00+00:00,2,-0.005114219264784673,-0.006881066803019012,stop,LTCUSDT/XRPUSDT
2023-05-16 21:00:00+00:00,12,-0.006890204741846786,-0.008657052280081125,stop,LTCUSDT/XRPUSDT
2023-05-17 11:00:00+00:00,1,-0.0022288169528623565,-0.003995664491096696,stop,LTCUSDT/XRPUSDT
2023-05-17 13:00:00+00:00,1,-0.005177895660308774,-0.006944743198543113,stop,LTCUSDT/XRPUSDT
2023-10-24 02:00:00+00:00,11,0.02684387874326572,0.024999470040429315,revert,LTCUSDT/XRPUSDT
2023-10-31 10:00:00+00:00,72,-0.012378666423143656,-0.014093850126808721,time,LTCUSDT/XRPUSDT
2023-11-03 18:00:00+00:00,66,-0.03319795436540882,-0.03486681667218352,stop,LTCUSDT/XRPUSDT
2023-11-06 15:00:00+00:00,72,0.025397261234152542,0.023728398927377846,time,LTCUSDT/XRPUSDT
2023-11-09 16:00:00+00:00,52,0.03335269407919329,0.0316838317724186,revert,LTCUSDT/XRPUSDT
2024-06-13 20:00:00+00:00,42,0.007910856215122566,0.0061291710533122375,revert,LTCUSDT/XRPUSDT
2024-06-17 07:00:00+00:00,7,-0.020682426134847595,-0.022423818813213977,stop,LTCUSDT/XRPUSDT
2024-08-02 17:00:00+00:00,56,-0.07263209666166605,-0.07412058905997951,stop,LTCUSDT/XRPUSDT
2025-07-07 13:00:00+00:00,72,0.004701982145230984,0.002965378367155604,time,LTCUSDT/XRPUSDT
2026-04-29 09:00:00+00:00,72,0.016649578111213745,0.014727850014122447,time,LTCUSDT/XRPUSDT
2026-05-06 07:00:00+00:00,56,-0.01546253709863984,-0.017416532440671473,stop,LTCUSDT/XRPUSDT
2026-06-07 02:00:00+00:00,70,0.0075369676039951355,0.005733829228696594,revert,LTCUSDT/XRPUSDT
2023-10-21 12:00:00+00:00,61,-0.017975549143255727,-0.019878518832283604,stop,LTCUSDT/ZECUSDT
2023-10-24 05:00:00+00:00,4,-0.0006449249086046111,-0.0025478945976324897,stop,LTCUSDT/ZECUSDT
2023-10-24 10:00:00+00:00,2,-0.0037049795031082657,-0.005607949192136145,stop,LTCUSDT/ZECUSDT
2023-10-24 15:00:00+00:00,72,0.0053297975685135356,0.003426827879485657,time,LTCUSDT/ZECUSDT
2026-05-17 23:00:00+00:00,8,-0.014213168077696068,-0.015542802802017959,stop,LTCUSDT/ZECUSDT
2026-05-18 11:00:00+00:00,3,-0.004608021437661406,-0.005937656161983296,stop,LTCUSDT/ZECUSDT
2026-05-18 19:00:00+00:00,16,-0.004474092079673021,-0.005803726803994911,stop,LTCUSDT/ZECUSDT
2026-05-19 12:00:00+00:00,2,-0.007815399231508716,-0.009145033955830606,stop,LTCUSDT/ZECUSDT
2026-05-19 16:00:00+00:00,1,-0.0007702896319800908,-0.0020999243563019814,stop,LTCUSDT/ZECUSDT
2026-05-19 20:00:00+00:00,4,-0.006968232247807057,-0.008297866972128948,stop,LTCUSDT/ZECUSDT
2026-05-20 06:00:00+00:00,1,-0.0021388620883176336,-0.003468496812639524,stop,LTCUSDT/ZECUSDT
2026-05-20 08:00:00+00:00,1,-0.0024588604320634425,-0.003788495156385333,stop,LTCUSDT/ZECUSDT
2026-05-20 12:00:00+00:00,1,-0.008097719441055765,-0.009427354165377655,stop,LTCUSDT/ZECUSDT
2024-10-14 05:00:00+00:00,35,0.048579877069492405,0.04637857311728448,revert,NEARUSDT/PENDLEUSDT
2025-01-14 00:00:00+00:00,39,0.027683299360727394,0.024888761945250176,revert,NEARUSDT/SHIBUSDT
2022-02-20 14:00:00+00:00,72,-0.013748575217775798,-0.015695389525372132,time,NEARUSDT/SOLUSDT
2022-02-23 15:00:00+00:00,14,-0.04214675231060707,-0.044093566618203406,stop,NEARUSDT/SOLUSDT
2022-02-24 12:00:00+00:00,5,-0.0032408515500890224,-0.005187665857685355,stop,NEARUSDT/SOLUSDT
2022-02-24 18:00:00+00:00,72,0.03012085546772026,0.02817404116012393,time,NEARUSDT/SOLUSDT
2022-02-27 19:00:00+00:00,44,0.10355956797552614,0.10161275366792981,revert,NEARUSDT/SOLUSDT
2024-01-09 16:00:00+00:00,30,0.05636020338839279,0.054372418281042514,revert,NEARUSDT/SOLUSDT
2025-06-15 14:00:00+00:00,72,0.0016548429394722675,-0.00033545427863170777,time,NEARUSDT/SOLUSDT
2025-06-18 15:00:00+00:00,72,0.004024466745203809,0.002034169527099834,time,NEARUSDT/SOLUSDT
2025-06-21 16:00:00+00:00,72,0.015176262298502649,0.013185965080398675,time,NEARUSDT/SOLUSDT
2024-11-13 00:00:00+00:00,37,-0.029693495693646054,-0.03189630367598141,stop,NEARUSDT/TAOUSDT
2024-11-14 14:00:00+00:00,1,-0.006853500380666096,-0.009056308363001454,stop,NEARUSDT/TAOUSDT
2024-01-30 17:00:00+00:00,72,0.0062242685282900695,0.004432908723025535,time,NEARUSDT/XRPUSDT
2024-07-23 21:00:00+00:00,39,-0.04640733374766742,-0.048410526238147955,stop,NEARUSDT/XRPUSDT
2024-07-25 13:00:00+00:00,1,-0.009713046695816784,-0.011716239186297318,stop,NEARUSDT/XRPUSDT
2024-07-25 20:00:00+00:00,72,0.01050918938855391,0.008505996898073378,time,NEARUSDT/XRPUSDT
2024-07-28 21:00:00+00:00,25,-0.017355486022785475,-0.019358678513266007,stop,NEARUSDT/XRPUSDT
2026-07-07 16:00:00+00:00,72,-0.039232525200779814,-0.04129293343068703,time,NEARUSDT/ZECUSDT
2026-07-10 17:00:00+00:00,1,-0.009565675187140967,-0.011626083417048183,stop,NEARUSDT/ZECUSDT
2026-07-10 21:00:00+00:00,21,-0.013582708703152792,-0.01564311693306001,stop,NEARUSDT/ZECUSDT
2026-09-09 10:00:00+00:00,72,0.027858667308432002,0.025483460666170393,time,NEARUSDT/ZECUSDT
2026-02-14 00:00:00+00:00,19,-0.029601903503400494,-0.031553669185614204,stop,ONDOUSDT/SUIUSDT
2026-02-20 14:00:00+00:00,72,-0.0012276698053766484,-0.004457751162217507,time,ONDOUSDT/TRXUSDT
2026-02-23 15:00:00+00:00,52,0.018870777054867824,0.015640695698026966,revert,ONDOUSDT/TRXUSDT
2026-02-05 11:00:00+00:00,26,0.02499015020377059,0.02317639486772099,revert,ONDOUSDT/VIRTUALUSDT
2026-02-14 09:00:00+00:00,7,0.022772504968550485,0.02095121535030737,revert,ONDOUSDT/VIRTUALUSDT
2026-02-19 21:00:00+00:00,72,0.0077616914325620515,0.005934623825731268,time,ONDOUSDT/VIRTUALUSDT
2026-02-24 20:00:00+00:00,7,-0.030248463071600895,-0.03208067649998358,stop,ONDOUSDT/VIRTUALUSDT
2026-02-25 05:00:00+00:00,3,-0.024071336049389935,-0.025903549477772618,stop,ONDOUSDT/VIRTUALUSDT
2026-02-25 14:00:00+00:00,41,-0.007779062865136987,-0.00961127629351967,stop,ONDOUSDT/VIRTUALUSDT
2026-03-17 02:00:00+00:00,72,-0.002886031351630916,-0.004793661480135471,time,ONDOUSDT/XRPUSDT
2026-03-20 03:00:00+00:00,72,-0.001647295308476144,-0.0035454078124980293,time,ONDOUSDT/XRPUSDT
2026-03-23 04:00:00+00:00,63,0.021949951474333262,0.020057977559298334,revert,ONDOUSDT/XRPUSDT
2026-02-15 02:00:00+00:00,72,0.009765887758246165,0.007885894509917618,time,ONDOUSDT/ZECUSDT
2024-10-23 18:00:00+00:00,72,-0.006944991723446871,-0.008949711926755735,time,PENDLEUSDT/SOLUSDT
2024-10-26 19:00:00+00:00,24,-0.021643044472128684,-0.02363850633905437,stop,PENDLEUSDT/SOLUSDT
2024-10-27 21:00:00+00:00,6,-0.010219211380797297,-0.012214673247722983,stop,PENDLEUSDT/SOLUSDT
2024-10-28 05:00:00+00:00,12,-0.0010327141867045079,-0.003028176053630195,stop,PENDLEUSDT/SOLUSDT
2024-10-28 21:00:00+00:00,36,0.06086100678635078,0.05886554491942509,revert,PENDLEUSDT/SOLUSDT
2025-04-01 10:00:00+00:00,72,-0.0016601096085651634,-0.003379075628939973,time,PENGUUSDT/SOLUSDT
2025-04-04 11:00:00+00:00,72,0.009039400450863773,0.007320434430488963,time,PENGUUSDT/SOLUSDT
2025-04-07 12:00:00+00:00,72,-0.0345838182098436,-0.03630278423021841,time,PENGUUSDT/SOLUSDT
2025-04-10 13:00:00+00:00,72,0.050655372335565454,0.048936406315190646,time,PENGUUSDT/SOLUSDT
2025-04-13 15:00:00+00:00,67,-0.06541106718121045,-0.06713003320158527,stop,PENGUUSDT/SOLUSDT
2025-04-16 22:00:00+00:00,2,-0.010384284036017096,-0.012103250056391906,stop,PENGUUSDT/SOLUSDT
2025-04-17 08:00:00+00:00,1,-0.006138632630433315,-0.007857598650808125,stop,PENGUUSDT/SOLUSDT
2025-04-17 12:00:00+00:00,31,-0.011488551590589596,-0.013207517610964406,stop,PENGUUSDT/SOLUSDT
2025-04-02 02:00:00+00:00,72,-0.032812400936863405,-0.03459586161429911,time,PENGUUSDT/XRPUSDT
2025-04-05 03:00:00+00:00,39,-0.0351929368595372,-0.036976397536972905,stop,PENGUUSDT/XRPUSDT
2025-04-06 19:00:00+00:00,2,-0.007685127259539222,-0.009468587936974925,stop,PENGUUSDT/XRPUSDT
2025-04-06 22:00:00+00:00,67,-0.0013379950576306865,-0.00312145573506639,stop,PENGUUSDT/XRPUSDT
2025-04-09 18:00:00+00:00,45,0.02663688408141701,0.024853423403981306,revert,PENGUUSDT/XRPUSDT
2024-10-01 16:00:00+00:00,72,-0.008145358062373213,-0.00957637807444983,time,SEIUSDT/SOLUSDT
2024-10-04 17:00:00+00:00,72,0.01135984816538823,0.009931161469274563,time,SEIUSDT/SOLUSDT
2024-10-07 18:00:00+00:00,72,-0.020346736441253704,-0.02177542313736737,time,SEIUSDT/SOLUSDT
2024-10-10 19:00:00+00:00,72,0.0061067395182682616,0.004678052822154595,time,SEIUSDT/SOLUSDT
2024-10-13 20:00:00+00:00,41,0.05162852092771337,0.0501998342315997,revert,SEIUSDT/SOLUSDT
2025-10-11 20:00:00+00:00,19,0.020737349488314107,0.018852788958607716,revert,SEIUSDT/TONUSDT
2025-10-17 00:00:00+00:00,37,-0.021006733980525362,-0.022940338584778286,stop,SEIUSDT/TONUSDT
2025-10-18 14:00:00+00:00,1,-0.0045581322204356935,-0.006491736824688617,stop,SEIUSDT/TONUSDT
2025-10-18 16:00:00+00:00,3,-0.0012560840693205209,-0.003189688673573445,stop,SEIUSDT/TONUSDT
2025-10-14 07:00:00+00:00,19,0.009235090355025028,0.0066611777171248715,revert,SEIUSDT/TRXUSDT
2025-10-16 08:00:00+00:00,23,0.012536620211092836,0.009350157042922599,revert,SEIUSDT/TRXUSDT
2025-10-11 00:00:00+00:00,19,-0.02116466841009306,-0.0227774645186748,stop,SEIUSDT/UNIUSDT
2024-02-27 17:00:00+00:00,23,-0.03190685216666536,-0.03397064457327705,stop,SEIUSDT/XRPUSDT
2024-02-28 17:00:00+00:00,23,-0.05635910709810225,-0.05842289950471394,stop,SEIUSDT/XRPUSDT
2024-02-29 17:00:00+00:00,1,-0.00930723412752149,-0.011345607468403702,stop,SEIUSDT/XRPUSDT
2024-02-29 21:00:00+00:00,27,-0.02516820486858999,-0.027206578209472202,stop,SEIUSDT/XRPUSDT
2025-04-25 01:00:00+00:00,72,0.019744534296952068,0.018132352872936176,time,SEIUSDT/XRPUSDT
2025-04-28 23:00:00+00:00,56,-0.03398686966944415,-0.03559905109346004,stop,SEIUSDT/XRPUSDT
2025-05-01 08:00:00+00:00,1,-0.0035057390239875558,-0.0051179204480034475,stop,SEIUSDT/XRPUSDT
2025-05-01 12:00:00+00:00,7,-0.001967703451839665,-0.0035798848758555567,stop,SEIUSDT/XRPUSDT
2025-05-01 21:00:00+00:00,1,-0.005647142243804708,-0.0072593236678206,stop,SEIUSDT/XRPUSDT
2024-12-31 15:00:00+00:00,72,-0.018860473074943727,-0.021264028016136034,time,SHIBUSDT/SOLUSDT
2025-01-03 16:00:00+00:00,72,-0.00013327200605328486,-0.002534684984723721,time,SHIBUSDT/SOLUSDT
2025-01-06 17:00:00+00:00,72,0.04146724867921312,0.039065835700542687,revert,SHIBUSDT/SOLUSDT
2024-11-16 03:00:00+00:00,72,0.0005209149015957381,-0.0019770154147202915,time,SHIBUSDT/SUIUSDT
2024-11-19 06:00:00+00:00,72,0.01579595088647063,0.0132980205701546,time,SHIBUSDT/SUIUSDT
2024-02-28 08:00:00+00:00,13,-0.04275643976090199,-0.044552953276185435,stop,SOLUSDT/SUIUSDT
2024-02-28 22:00:00+00:00,1,-0.01624288396720978,-0.018039397482493228,stop,SOLUSDT/SUIUSDT
2026-01-02 20:00:00+00:00,72,-0.04637730329317181,-0.04798885052013247,stop,SOLUSDT/SUIUSDT
2026-01-05 21:00:00+00:00,1,-0.0035248019886241558,-0.00508957298392293,stop,SOLUSDT/SUIUSDT
2026-01-07 09:00:00+00:00,17,0.025646775257405136,0.02413055087500307,revert,SOLUSDT/SUIUSDT
2026-01-12 00:00:00+00:00,72,-0.014925948283181386,-0.016825180242063073,time,SOLUSDT/SUIUSDT
2026-01-15 01:00:00+00:00,72,0.0031489148800349018,0.0012615409012000976,time,SOLUSDT/SUIUSDT
2026-01-18 02:00:00+00:00,54,0.024459173508879245,0.022571799530044442,revert,SOLUSDT/SUIUSDT
2026-08-09 06:00:00+00:00,72,0.0008587712571080704,-0.0009993131935125534,time,SOLUSDT/SUIUSDT
2026-08-12 07:00:00+00:00,72,0.004908448220169114,0.0030503637695484904,time,SOLUSDT/SUIUSDT
2026-08-15 17:00:00+00:00,60,-0.01851716953872475,-0.020375253989345372,stop,SOLUSDT/SUIUSDT
2026-08-18 10:00:00+00:00,1,-0.0030205222294772283,-0.004878606680097852,stop,SOLUSDT/SUIUSDT
2026-01-05 02:00:00+00:00,72,-0.0021297668806598453,-0.004200572179997902,time,SOLUSDT/TAOUSDT
2026-01-13 22:00:00+00:00,72,-0.006739806076534068,-0.008777205180900924,time,SOLUSDT/TAOUSDT
2026-01-16 23:00:00+00:00,52,0.021595539965940994,0.019584993444504577,revert,SOLUSDT/TAOUSDT
2026-01-25 19:00:00+00:00,50,0.031926324677992154,0.030241048081488576,revert,SOLUSDT/TAOUSDT
2026-01-15 20:00:00+00:00,72,-0.018074587512001142,-0.020878943198905306,time,SOLUSDT/TRXUSDT
2026-01-18 21:00:00+00:00,2,-0.008807920147328844,-0.01159935861291195,stop,SOLUSDT/TRXUSDT
2021-12-02 01:00:00+00:00,5,0.05867176380460338,0.05681972181883532,revert,SOLUSDT/UNIUSDT
2021-12-03 10:00:00+00:00,14,0.0409273362185896,0.03908919942687207,revert,SOLUSDT/UNIUSDT
2021-12-04 05:00:00+00:00,72,0.0024350117985497306,0.0005968750068321999,time,SOLUSDT/UNIUSDT
2021-12-07 06:00:00+00:00,21,0.04479362222546694,0.04295548543374941,revert,SOLUSDT/UNIUSDT
2025-07-21 09:00:00+00:00,27,-0.03675246381625388,-0.038640985501450884,stop,SOLUSDT/UNIUSDT
2025-07-22 13:00:00+00:00,65,0.05784009387721864,0.05595157219202164,revert,SOLUSDT/UNIUSDT
2026-01-01 05:00:00+00:00,45,0.026267986697765575,0.024341626996940886,revert,SOLUSDT/VIRTUALUSDT
2026-01-03 05:00:00+00:00,45,-0.027547378302385156,-0.029048797796139413,stop,SOLUSDT/VIRTUALUSDT
2026-01-12 15:00:00+00:00,72,-0.008463940739286965,-0.010486866764865732,time,SOLUSDT/VIRTUALUSDT
2026-01-15 16:00:00+00:00,72,-0.009967541003909682,-0.011980728618782237,time,SOLUSDT/VIRTUALUSDT
2026-01-18 17:00:00+00:00,36,0.044261385728351255,0.0422481981134787,revert,SOLUSDT/VIRTUALUSDT
2025-12-15 13:00:00+00:00,72,2.202170593152558e-05,-0.0022493905951983845,time,SOLUSDT/XLMUSDT
2025-12-31 03:00:00+00:00,72,0.0009781399250425662,-0.001285410614315496,time,SOLUSDT/XLMUSDT
2026-01-03 09:00:00+00:00,62,0.029656251366825054,0.02739457029293448,revert,SOLUSDT/XLMUSDT
2021-12-01 14:00:00+00:00,31,-0.044290674168416845,-0.04608344881856138,stop,SOLUSDT/XRPUSDT
2021-12-02 22:00:00+00:00,31,-0.005377456337771938,-0.007170230987916471,stop,SOLUSDT/XRPUSDT
2021-12-04 08:00:00+00:00,6,-0.021969043002438987,-0.02376181765258352,stop,SOLUSDT/XRPUSDT
2021-12-04 16:00:00+00:00,2,-0.010181385087660809,-0.011974159737805341,stop,SOLUSDT/XRPUSDT
2021-12-04 19:00:00+00:00,72,0.03212433661038922,0.03033156196024469,time,SOLUSDT/XRPUSDT
2021-12-07 20:00:00+00:00,38,0.06434439986670762,0.06255162521656309,revert,SOLUSDT/XRPUSDT
2022-01-24 00:00:00+00:00,42,0.027369034543130243,0.025477983983342386,revert,SOLUSDT/XRPUSDT
2022-01-25 22:00:00+00:00,72,0.0031457739111699426,0.0012437807814817225,time,SOLUSDT/XRPUSDT
2022-02-01 07:00:00+00:00,72,0.0009325182653521805,-0.000686835848893375,time,SOLUSDT/XRPUSDT
2022-02-07 02:00:00+00:00,6,-0.04167290855445453,-0.043573530985382795,stop,SOLUSDT/XRPUSDT
2022-02-07 09:00:00+00:00,1,-0.006866603321145131,-0.008767225752073397,stop,SOLUSDT/XRPUSDT
2023-02-19 15:00:00+00:00,11,-0.02084725045533921,-0.02248632857159342,stop,SOLUSDT/XRPUSDT
2023-02-20 10:00:00+00:00,1,-0.0012382912543719327,-0.0028773693706261416,stop,SOLUSDT/XRPUSDT
2023-02-20 13:00:00+00:00,72,0.023453330080167895,0.021814251963913685,time,SOLUSDT/XRPUSDT
2023-04-11 18:00:00+00:00,72,-0.039556210427445684,-0.04173671933612095,time,SOLUSDT/XRPUSDT
2023-04-14 19:00:00+00:00,72,-0.008873614233751527,-0.01105412314242679,time,SOLUSDT/XRPUSDT
2023-04-17 20:00:00+00:00,72,0.10578390114713038,0.10360339223845512,time,SOLUSDT/XRPUSDT
2023-05-18 10:00:00+00:00,72,-0.012759749896793241,-0.014451734537138206,time,SOLUSDT/XRPUSDT
2023-05-21 11:00:00+00:00,9,-0.005231621248121716,-0.0069236058884666815,stop,SOLUSDT/XRPUSDT
2023-11-05 16:00:00+00:00,15,-0.04444307980789912,-0.04645188649979912,stop,SOLUSDT/XRPUSDT
2023-11-06 08:00:00+00:00,1,-0.01174640203188269,-0.013755208723782688,stop,SOLUSDT/XRPUSDT
2023-12-14 16:00:00+00:00,72,-0.008598788374868518,-0.010208984462962083,time,SOLUSDT/XRPUSDT
2023-12-17 17:00:00+00:00,72,-0.0420117450584386,-0.04362194114653216,time,SOLUSDT/XRPUSDT
2023-12-20 18:00:00+00:00,10,-0.016989370031552972,-0.018599566119646537,stop,SOLUSDT/XRPUSDT
2024-01-28 09:00:00+00:00,50,-0.04376065884584375,-0.04550474208067,stop,SOLUSDT/XRPUSDT
2026-01-02 17:00:00+00:00,21,-0.034327560421792996,-0.03633485999060516,stop,SUIUSDT/TAOUSDT
2026-01-03 15:00:00+00:00,12,-0.009941618724677363,-0.011953888566809512,stop,SUIUSDT/TAOUSDT
2026-01-04 08:00:00+00:00,9,-0.011061059755089558,-0.013073329597221708,stop,SUIUSDT/TAOUSDT
2026-01-04 21:00:00+00:00,19,-0.0019605412407647026,-0.003972811082896851,stop,SUIUSDT/TAOUSDT
2026-05-06 09:00:00+00:00,15,0.03462227924442949,0.03228487664303618,revert,SUIUSDT/TRXUSDT
2023-10-18 13:00:00+00:00,4,0.01925273464123089,0.01742525285773159,revert,SUIUSDT/UNIUSDT
2023-10-19 10:00:00+00:00,72,0.005679177915182798,0.003839446277783586,time,SUIUSDT/UNIUSDT
2023-10-22 23:00:00+00:00,34,0.02242077142907697,0.02055292092023871,revert,SUIUSDT/UNIUSDT
2025-05-26 08:00:00+00:00,72,-0.019568757349867995,-0.021139457496872856,time,SUIUSDT/UNIUSDT
2025-05-29 09:00:00+00:00,32,-0.025985416725755626,-0.027556116872760487,stop,SUIUSDT/UNIUSDT
2025-05-30 18:00:00+00:00,2,-0.0071846830131075765,-0.008755383160112437,stop,SUIUSDT/UNIUSDT
2025-07-16 10:00:00+00:00,39,0.047513062488605574,0.04579282907129511,revert,SUIUSDT/UNIUSDT
2025-07-18 13:00:00+00:00,72,-0.02397229547537736,-0.02574464853918089,time,SUIUSDT/UNIUSDT
2025-07-21 14:00:00+00:00,72,0.015706707742526888,0.01393435467872336,time,SUIUSDT/UNIUSDT
2025-07-24 15:00:00+00:00,48,0.04189473148538477,0.04012237842158124,revert,SUIUSDT/UNIUSDT
2025-12-02 19:00:00+00:00,72,-0.02656379013840564,-0.02831838072471494,time,SUIUSDT/VIRTUALUSDT
2025-12-05 20:00:00+00:00,47,-0.023697696415846493,-0.025452287002155793,stop,SUIUSDT/VIRTUALUSDT
2025-12-07 21:00:00+00:00,5,-0.0026647433106055185,-0.0044193338969148194,stop,SUIUSDT/VIRTUALUSDT
2025-12-08 03:00:00+00:00,12,-0.00787551338770322,-0.009630103974012521,stop,SUIUSDT/VIRTUALUSDT
2026-01-02 16:00:00+00:00,70,0.12649297098640505,0.12463684094014173,stop,SUIUSDT/VIRTUALUSDT
2026-01-05 15:00:00+00:00,4,0.04550446762806582,0.04395705036578638,revert,SUIUSDT/VIRTUALUSDT
2026-02-12 10:00:00+00:00,46,-0.042320414003385806,-0.0440627993747104,stop,SUIUSDT/VIRTUALUSDT
2026-02-14 13:00:00+00:00,2,-0.005812469367373966,-0.007563603851291616,stop,SUIUSDT/VIRTUALUSDT
2026-02-14 16:00:00+00:00,1,-0.0019395556648971893,-0.0036906901488148393,stop,SUIUSDT/VIRTUALUSDT
2026-02-14 18:00:00+00:00,7,-0.004027188601076546,-0.005778323084994196,stop,SUIUSDT/VIRTUALUSDT
2026-02-15 02:00:00+00:00,32,-0.002916159490459015,-0.004667293974376666,stop,SUIUSDT/VIRTUALUSDT
2026-02-16 15:00:00+00:00,29,-0.008592204375972528,-0.010343338859890179,stop,SUIUSDT/VIRTUALUSDT
2026-02-17 22:00:00+00:00,46,-0.004617287239811363,-0.006368421723729013,stop,SUIUSDT/VIRTUALUSDT
2026-02-19 22:00:00+00:00,1,-0.0028758212894962987,-0.004626955773413949,stop,SUIUSDT/VIRTUALUSDT
2026-04-07 23:00:00+00:00,72,0.020643940372004174,0.01874425212584981,time,SUIUSDT/WLDUSDT
2026-08-23 00:00:00+00:00,13,0.040469867761231404,0.03867807578473697,revert,SUIUSDT/XPLUSDT
2026-08-31 05:00:00+00:00,16,0.02820691323519993,0.026610943578066697,revert,SUIUSDT/XPLUSDT
2026-09-04 11:00:00+00:00,19,0.03659632857440941,0.03499919931224725,revert,SUIUSDT/XPLUSDT
2026-09-06 20:00:00+00:00,41,0.031037487854220676,0.029265335652765765,revert,SUIUSDT/XPLUSDT
2023-08-22 09:00:00+00:00,31,-0.057632453846898954,-0.05944688117826869,stop,SUIUSDT/XRPUSDT
2025-06-14 16:00:00+00:00,72,-0.010856658168001083,-0.012749739552839022,time,SUIUSDT/XRPUSDT
2025-06-17 17:00:00+00:00,72,-0.005689694928283778,-0.007582776313121717,time,SUIUSDT/XRPUSDT
2025-06-20 18:00:00+00:00,72,0.004637653028798944,0.002744571643961005,time,SUIUSDT/XRPUSDT
2025-06-23 19:00:00+00:00,23,-0.024324226670909634,-0.026217308055747575,stop,SUIUSDT/XRPUSDT
2025-06-24 22:00:00+00:00,15,-0.0046388587836684895,-0.006531940168506429,stop,SUIUSDT/XRPUSDT
2025-06-25 14:00:00+00:00,2,-0.0024560180231402995,-0.004349099407978238,stop,SUIUSDT/XRPUSDT
2025-06-25 20:00:00+00:00,2,-0.0036157481229514774,-0.005508829507789416,stop,SUIUSDT/XRPUSDT
2025-09-18 10:00:00+00:00,72,0.005766146844222664,0.004069288932407478,time,SUIUSDT/XRPUSDT
2026-08-23 03:00:00+00:00,16,0.027257566004848542,0.025687676955236043,revert,SUIUSDT/XRPUSDT
2026-08-25 16:00:00+00:00,72,-0.010711944438409001,-0.012270399457979878,time,SUIUSDT/XRPUSDT
2026-08-28 18:00:00+00:00,72,-0.00808553988908852,-0.009615830832907242,time,SUIUSDT/XRPUSDT
2026-08-31 19:00:00+00:00,55,0.05225804629731131,0.05072775535349259,revert,SUIUSDT/XRPUSDT
2026-08-25 20:00:00+00:00,72,-0.024834821121144067,-0.02634235018021543,time,SUIUSDT/ZECUSDT
2026-08-28 21:00:00+00:00,50,-0.03660267060750889,-0.0381009733436111,stop,SUIUSDT/ZECUSDT
2026-04-01 11:00:00+00:00,72,0.0012698964005044312,-0.00037895294965824646,time,SUSDT/XRPUSDT
2026-01-15 21:00:00+00:00,72,-0.022095296651591587,-0.025313192802556884,time,TAOUSDT/TRXUSDT
2026-01-18 22:00:00+00:00,3,-0.01328193581897303,-0.016499831969938327,stop,TAOUSDT/TRXUSDT
2026-01-19 08:00:00+00:00,2,-0.0010865259345274809,-0.004304422085492777,stop,TAOUSDT/TRXUSDT
2026-01-19 11:00:00+00:00,72,0.03145367502482559,0.028235778873860296,time,TAOUSDT/TRXUSDT
2026-01-22 12:00:00+00:00,72,0.0019029228996666845,-0.0013149732512986122,time,TAOUSDT/TRXUSDT
2026-01-25 13:00:00+00:00,72,0.02114167265008706,0.017923776499121764,time,TAOUSDT/TRXUSDT
2025-10-21 21:00:00+00:00,43,0.014833627734545001,0.011616965092407894,revert,TONUSDT/TRXUSDT
2025-10-24 16:00:00+00:00,12,-0.024700685335708978,-0.027378476359341427,stop,TONUSDT/TRXUSDT
2025-10-25 07:00:00+00:00,9,-0.0036271268444459147,-0.006304720611593392,stop,TONUSDT/TRXUSDT
2025-10-25 17:00:00+00:00,1,-0.0020853870381664333,-0.004762980805313911,stop,TONUSDT/TRXUSDT
2025-10-25 19:00:00+00:00,1,-0.0027749816912438817,-0.005452575458391359,stop,TONUSDT/TRXUSDT
2025-10-25 21:00:00+00:00,2,-0.0027785161599872357,-0.005456109927134713,stop,TONUSDT/TRXUSDT
2025-03-05 04:00:00+00:00,72,0.0018157211826217807,-7.469784286198364e-05,time,TONUSDT/UNIUSDT
2025-03-08 05:00:00+00:00,35,-0.040623080715230714,-0.04251349974071448,stop,TONUSDT/UNIUSDT
2025-03-09 19:00:00+00:00,3,-0.012715234566983664,-0.014605653592467429,stop,TONUSDT/UNIUSDT
2025-10-11 00:00:00+00:00,72,-0.011397156389003016,-0.013326915861384696,time,TONUSDT/UNIUSDT
2025-10-14 01:00:00+00:00,72,0.00705013012819064,0.005099364515258267,time,TONUSDT/UNIUSDT
2025-10-25 00:00:00+00:00,72,-0.011931652716566961,-0.01394801584868061,time,TONUSDT/XRPUSDT
2025-10-28 01:00:00+00:00,72,0.021279271189497437,0.019262908057383787,time,TONUSDT/XRPUSDT
2026-08-29 00:00:00+00:00,27,0.05404434521071125,0.05216830108501512,revert,TRUMPUSDT/ZECUSDT
2026-09-03 15:00:00+00:00,25,-0.07179631061819985,-0.0736980540633854,stop,TRUMPUSDT/ZECUSDT
2026-09-04 17:00:00+00:00,35,-0.043458394478923884,-0.045354913356224935,stop,TRUMPUSDT/ZECUSDT
2025-10-24 16:00:00+00:00,12,-0.03035964193837529,-0.03306042034495656,stop,TRXUSDT/TUTUSDT
2025-10-25 07:00:00+00:00,17,-0.007699452564663527,-0.010400230971244803,stop,TRXUSDT/TUTUSDT
2025-10-26 01:00:00+00:00,3,-0.006870144599829939,-0.009570923006411214,stop,TRXUSDT/TUTUSDT
2025-10-26 09:00:00+00:00,59,-0.00503322483742932,-0.007734003244010595,stop,TRXUSDT/TUTUSDT
2025-06-09 17:00:00+00:00,59,0.03869769372675157,0.03501597036588437,revert,TRXUSDT/UNIUSDT
2025-10-11 03:00:00+00:00,72,-0.01021674660163795,-0.01285462901193687,time,TRXUSDT/UNIUSDT
2025-10-14 04:00:00+00:00,3,-0.013958276697384836,-0.016584634023104276,stop,TRXUSDT/UNIUSDT
2025-10-14 15:00:00+00:00,24,-0.0003222803203580789,-0.00294863764607752,stop,TRXUSDT/UNIUSDT
2025-10-15 16:00:00+00:00,40,-0.007480125333795384,-0.010106482659514825,stop,TRXUSDT/UNIUSDT
2025-10-17 09:00:00+00:00,4,-0.004472033553512986,-0.007098390879232427,stop,TRXUSDT/UNIUSDT
2025-10-17 15:00:00+00:00,4,-0.0021216253911605885,-0.00474798271688003,stop,TRXUSDT/UNIUSDT
2025-10-17 20:00:00+00:00,15,0.014785499356529265,0.012159142030809825,revert,TRXUSDT/UNIUSDT
2025-10-22 23:00:00+00:00,16,0.023500918270222642,0.020320675832044388,revert,TRXUSDT/UNIUSDT
2025-10-24 10:00:00+00:00,14,-0.02745629013218594,-0.030061800013137244,stop,TRXUSDT/UNIUSDT
2026-01-13 19:00:00+00:00,72,-0.016084840751140625,-0.019521168737672512,time,TRXUSDT/VIRTUALUSDT
2026-01-16 20:00:00+00:00,17,-0.011756307940775633,-0.015192635927307522,stop,TRXUSDT/VIRTUALUSDT
2026-02-22 13:00:00+00:00,60,0.018388805355987053,0.015090071812214686,revert,TRXUSDT/VIRTUALUSDT
2025-06-07 19:00:00+00:00,72,-0.019074335037915904,-0.02267392850813591,time,TRXUSDT/XRPUSDT
2025-06-10 20:00:00+00:00,39,0.06311583213067806,0.059516238660458055,revert,TRXUSDT/XRPUSDT
2025-10-10 21:00:00+00:00,5,0.01700690470819056,0.013955074843648135,revert,TRXUSDT/XRPUSDT
2025-10-14 06:00:00+00:00,26,0.01107046360938473,0.008488655969141019,revert,TRXUSDT/XRPUSDT
2025-10-16 08:00:00+00:00,22,0.010108158333472622,0.007083670659842702,revert,TRXUSDT/XRPUSDT
2025-10-22 08:00:00+00:00,31,0.01863657696235487,0.01557618623756651,revert,TRXUSDT/XRPUSDT
2026-05-02 13:00:00+00:00,16,-0.020598464998269308,-0.02364675527666564,stop,TRXUSDT/XRPUSDT
2026-05-03 06:00:00+00:00,2,-0.004006537346318168,-0.0070548276247145,stop,TRXUSDT/XRPUSDT
2026-05-03 10:00:00+00:00,10,-0.002961386140462755,-0.006009676418859087,stop,TRXUSDT/XRPUSDT
2026-05-03 21:00:00+00:00,13,-0.004981923206724457,-0.008030213485120789,stop,TRXUSDT/XRPUSDT
2026-05-04 12:00:00+00:00,3,-0.0017412304614914304,-0.004789520739887762,stop,TRXUSDT/XRPUSDT
2026-05-04 18:00:00+00:00,1,-0.000672438925823443,-0.0037207292042197755,stop,TRXUSDT/XRPUSDT
2025-12-20 17:00:00+00:00,72,0.03211548025841149,0.029781186970276825,time,UNIUSDT/XLMUSDT
2023-09-20 03:00:00+00:00,72,-0.0017348245414162758,-0.00360214496986227,time,UNIUSDT/XRPUSDT
2023-09-23 04:00:00+00:00,72,0.012731476307963008,0.010864155879517013,time,UNIUSDT/XRPUSDT
2023-09-26 17:00:00+00:00,19,0.016454398217253897,0.014587077788807903,revert,UNIUSDT/XRPUSDT
2023-09-27 18:00:00+00:00,21,0.01754561033549207,0.01567828990704608,revert,UNIUSDT/XRPUSDT
2023-10-01 22:00:00+00:00,43,0.03353724661606716,0.03156684573542745,revert,UNIUSDT/XRPUSDT
2025-07-11 13:00:00+00:00,72,-0.011343451568104384,-0.013208946418499673,time,UNIUSDT/XRPUSDT
2025-07-25 09:00:00+00:00,72,-0.00841899227685149,-0.01027990490978778,time,UNIUSDT/XRPUSDT
2025-07-28 10:00:00+00:00,72,0.03425313169416742,0.03239221906123113,time,UNIUSDT/XRPUSDT
2025-10-25 01:00:00+00:00,72,-9.711885650755953e-05,-0.0019575171196737637,time,UNIUSDT/XRPUSDT
2025-10-28 02:00:00+00:00,72,-0.009582265383273128,-0.011442663646439331,time,UNIUSDT/XRPUSDT
2025-10-31 03:00:00+00:00,9,-0.01765385966698308,-0.019514257930149284,stop,UNIUSDT/XRPUSDT
2024-04-09 12:00:00+00:00,72,0.005495686468089112,0.003584047216775022,time,WLDUSDT/XRPUSDT
2024-04-12 13:00:00+00:00,31,0.056167763472544596,0.05425612422123051,revert,WLDUSDT/XRPUSDT
2022-02-07 02:00:00+00:00,5,-0.02543185469481116,-0.02776045274972256,stop,XLMUSDT/XRPUSDT
2022-02-07 08:00:00+00:00,2,-0.001921189650535663,-0.004249787705447063,stop,XLMUSDT/XRPUSDT
2026-08-22 05:00:00+00:00,30,0.0564833442105037,0.0547900028625943,revert,XPLUSDT/XRPUSDT
2026-08-26 15:00:00+00:00,34,0.040789858663965534,0.039150651246121645,revert,XPLUSDT/XRPUSDT
2026-08-28 08:00:00+00:00,67,0.03493742105848055,0.03331757699317055,revert,XPLUSDT/XRPUSDT
2026-08-26 15:00:00+00:00,34,0.058934323957640714,0.057345568512011946,revert,XPLUSDT/ZECUSDT
2026-08-28 15:00:00+00:00,72,-0.004670665342641508,-0.006238495441791653,time,XPLUSDT/ZECUSDT
2026-08-31 16:00:00+00:00,72,0.07250156648703178,0.07093373638788164,time,XPLUSDT/ZECUSDT
2023-10-19 22:00:00+00:00,72,-0.0012312323442692438,-0.0031648802513573123,time,XRPUSDT/ZECUSDT
2023-10-22 23:00:00+00:00,38,-0.027069940904353135,-0.029009912869468114,stop,XRPUSDT/ZECUSDT
2023-10-24 15:00:00+00:00,72,0.0025984472696143966,0.0006584753044994156,time,XRPUSDT/ZECUSDT
2023-10-27 16:00:00+00:00,70,-0.012254793057891532,-0.014194765023006513,stop,XRPUSDT/ZECUSDT
2023-10-30 15:00:00+00:00,3,-0.005802916779384442,-0.007742888744499424,stop,XRPUSDT/ZECUSDT
2023-10-30 20:00:00+00:00,14,-0.02012388094749578,-0.02206385291261076,stop,XRPUSDT/ZECUSDT
2026-07-07 16:00:00+00:00,72,-0.013681095223597088,-0.015380327206254131,time,XRPUSDT/ZECUSDT
2026-07-10 17:00:00+00:00,39,-0.02131953253925164,-0.023018764521908684,stop,XRPUSDT/ZECUSDT
2026-07-12 10:00:00+00:00,3,-0.00154167008517775,-0.003240902067834794,stop,XRPUSDT/ZECUSDT
2026-08-06 03:00:00+00:00,72,-0.00586165304522118,-0.007300072510723352,time,XRPUSDT/ZECUSDT
2026-08-09 04:00:00+00:00,72,-0.007839545729506011,-0.009277965195008182,time,XRPUSDT/ZECUSDT
2026-08-12 05:00:00+00:00,65,-0.02690991971516326,-0.02834833918066543,stop,XRPUSDT/ZECUSDT
2026-08-14 23:00:00+00:00,47,-0.0034255702273354813,-0.004863989692837653,stop,XRPUSDT/ZECUSDT
